local_time,timestamp_us,input_source,phase,raw_phase,stride_rate_hz,cos_value,sin_value,window_size,total_rows,total_predictions
2026-04-02 12:56:39.721,183915083,左脚+右脚,0.637166629329075,0.637166629329075,0.4262608289718628,-0.3534432351589203,-0.4120779037475586,27,27,1
2026-04-02 12:56:39.750,183948417,左脚+右脚,0.6513732990570362,0.6370982468978654,0.42620009183883667,-0.35361766815185547,-0.41192299127578735,27,28,2
2026-04-02 12:56:39.781,183981751,左脚+右脚,0.6655779760030405,0.6371973785442386,0.42614030838012695,-0.35320332646369934,-0.4119592308998108,27,29,3
2026-04-02 12:56:39.840,184015085,左脚+右脚,0.6797822883673008,0.6370228928750021,0.42612937092781067,-0.353665292263031,-0.4115840196609497,27,30,4
2026-04-02 12:56:39.870,184048419,左脚+右脚,0.6939889402138686,0.6369409822782544,0.4261995553970337,-0.3536696135997772,-0.41116076707839966,27,31,5
2026-04-02 12:56:39.900,184081753,左脚+右脚,0.708191427682588,0.6368293713745699,0.4260746240615845,-0.353853315114975,-0.410791277885437,27,32,6
2026-04-02 12:56:39.932,184115087,左脚+右脚,0.7223951459872221,0.6369788308612959,0.4261115491390228,-0.3536403477191925,-0.41132456064224243,27,33,7
2026-04-02 12:56:39.960,184148421,左脚+右脚,0.7365959257828688,0.6367761031846805,0.4260233938694,-0.35407182574272156,-0.4107668399810791,27,34,8
2026-04-02 12:56:40.020,184181755,左脚+右脚,0.750793712431937,0.6366339231027974,0.4259335994720459,-0.35435986518859863,-0.41035914421081543,27,35,9
2026-04-02 12:56:40.021,184215089,左脚+右脚,0.7649925540832178,0.6365882136494394,0.42596524953842163,-0.35451531410217285,-0.4103008806705475,27,36,10
2026-04-02 12:56:40.051,184248423,左脚+右脚,0.7791870783713952,0.63653705106314,0.4258357286453247,-0.354366272687912,-0.4098619818687439,27,37,11
2026-04-02 12:56:40.080,184281757,左脚+右脚,0.7933770518449441,0.6363559872735127,0.4256992042064667,-0.3547172248363495,-0.4093257486820221,27,38,12
2026-04-02 12:56:40.141,184315091,左脚+右脚,0.8075697095143294,0.6365285863217691,0.4257797300815582,-0.3543131947517395,-0.40975654125213623,27,39,13
2026-04-02 12:56:40.170,184348425,左脚+右脚,0.8217591803220406,0.6363164880180727,0.4256841242313385,-0.3546232581138611,-0.40901216864585876,27,40,14
2026-04-02 12:56:40.200,184381759,左脚+右脚,0.8359445592708881,0.6363184831826987,0.4255613684654236,-0.3547305762767792,-0.4091463088989258,27,41,15
2026-04-02 12:56:40.232,184415093,左脚+右脚,0.8501285146621361,0.6362794653020646,0.425518661737442,-0.3548247814178467,-0.409052312374115,27,42,16
2026-04-02 12:56:40.290,184448427,左脚+右脚,0.8643124929018313,0.6362429364291791,0.42551934719085693,-0.35454800724983215,-0.40854376554489136,27,43,17
2026-04-02 12:56:40.291,184481761,左脚+右脚,0.8784965973046913,0.6362076831097861,0.42552313208580017,-0.35469850897789,-0.40853434801101685,27,44,18
2026-04-02 12:56:40.320,184515095,左脚+右脚,0.8926778516121203,0.6361029117337549,0.4254376292228699,-0.35486170649528503,-0.40817922353744507,27,45,19
2026-04-02 12:56:40.350,184548429,左脚+右脚,0.9068549047855033,0.6359451394755344,0.4253115952014923,-0.3554520606994629,-0.4080406427383423,27,46,20
2026-04-02 12:56:40.380,184581763,左脚+右脚,0.9210354080744082,0.6358750508706061,0.4254150986671448,-0.3554443120956421,-0.4076691269874573,27,47,21
2026-04-02 12:56:40.440,184615097,左脚+右脚,0.9352155020780856,0.6359219994709213,0.42540282011032104,-0.3552355468273163,-0.4076724052429199,27,48,22
2026-04-02 12:56:40.470,184648431,左脚+右脚,0.9493925383634859,0.6357958130587225,0.4253110885620117,-0.35561850666999817,-0.40745919942855835,27,49,23
2026-04-02 12:56:40.531,184681765,左脚+右脚,0.963569849823663,0.6358269075769591,0.4253193438053131,-0.3553731143474579,-0.4073386490345001,27,50,24
2026-04-02 12:56:40.531,184715099,左脚+右脚,0.9777446946449572,0.6358005311259052,0.42524534463882446,-0.3552864193916321,-0.4071030616760254,27,51,25
2026-04-02 12:56:40.560,184748433,左脚+右脚,0.9919122319368019,0.6356778905472115,0.4250261187553406,-0.3558025360107422,-0.4070608615875244,27,52,26
2026-04-02 12:56:40.590,184781767,左脚+右脚,0.006080380176255451,0.6357452528234289,0.425044447183609,-0.35547468066215515,-0.4070333242416382,27,53,27
2026-04-02 12:56:40.651,184815101,左脚+右脚,0.02024837046340043,0.635564818478261,0.42503970861434937,-0.355842262506485,-0.40652307868003845,27,54,28
2026-04-02 12:56:40.652,184848435,左脚+右脚,0.03441542098397945,0.6355790171796853,0.4250115156173706,-0.35582247376441956,-0.40657365322113037,27,55,29
2026-04-02 12:56:40.681,184881769,左脚+右脚,0.04858248541230892,0.6353540600311074,0.42501193284988403,-0.35594287514686584,-0.4055531322956085,27,56,30
2026-04-02 12:56:40.741,184915103,左脚+右脚,0.06274577487980261,0.6352983719343164,0.4248986840248108,-0.35613778233528137,-0.4054889380931854,27,57,31
2026-04-02 12:56:40.770,184948437,左脚+右脚,0.07691054254248673,0.6354494970457685,0.4249430298805237,-0.3558877110481262,-0.40598106384277344,27,58,32
2026-04-02 12:56:40.800,184981771,左脚+右脚,0.09107111105794644,0.635221631786616,0.4248170554637909,-0.35640037059783936,-0.4053935110569,27,59,33
2026-04-02 12:56:40.831,185015105,左脚+右脚,0.10523022820030585,0.6351469325974086,0.42477351427078247,-0.3566252291202545,-0.40526553988456726,27,60,34
2026-04-02 12:56:40.860,185048439,左脚+右脚,0.11938631345306769,0.635048280355037,0.4246825575828552,-0.35665372014045715,-0.4047917127609253,27,61,35
2026-04-02 12:56:40.890,185081773,左脚+右脚,0.133542999719331,0.6350436125626695,0.4247005879878998,-0.3564339280128479,-0.40451833605766296,27,62,36
2026-04-02 12:56:40.921,185115107,左脚+右脚,0.14769576002632512,0.6350070427376638,0.4245828092098236,-0.3566949665546417,-0.40462711453437805,27,63,37
2026-04-02 12:56:40.951,185148441,左脚+右脚,0.16892593313728704,0.634980328798769,0.4246034622192383,-0.3565886914730072,-0.4043697118759155,27,64,38
2026-04-02 12:56:40.982,185181775,左脚+右脚,0.19015529860531225,0.6348382370500643,0.42458730936050415,-0.3568989038467407,-0.4039938449859619,27,65,39
2026-04-02 12:56:41.042,185215109,左脚+右脚,0.21138301153456107,0.634939047547427,0.4245542585849762,-0.35675475001335144,-0.4043465554714203,27,66,40
2026-04-02 12:56:41.072,185248443,左脚+右脚,0.2326110806015624,0.6348670110465959,0.42456138134002686,-0.3566829264163971,-0.4038965106010437,27,67,41
2026-04-02 12:56:41.102,185281777,左脚+右脚,0.25383286882912054,0.6348314352503228,0.4244357645511627,-0.35695168375968933,-0.4040187895298004,27,68,42
2026-04-02 12:56:41.131,185315111,左脚+右脚,0.27505473156248467,0.6348261826147554,0.4244372546672821,-0.3567645847797394,-0.40378016233444214,27,69,43
2026-04-02 12:56:41.162,185348445,左脚+右脚,0.29627405662809747,0.6347557361471483,0.42438650131225586,-0.35694894194602966,-0.4036286175251007,27,70,44
2026-04-02 12:56:41.192,185381779,左脚+右脚,0.31748781461988823,0.6346907998130351,0.42427515983581543,-0.35707980394363403,-0.403444766998291,27,71,45
2026-04-02 12:56:41.222,185415113,左脚+右脚,0.3387061621693267,0.6346664902342452,0.42436695098876953,-0.3572095036506653,-0.4034671187400818,27,72,46
2026-04-02 12:56:41.251,185448447,左脚+右脚,0.3599224503782882,0.6346413605859438,0.42432576417922974,-0.35724207758903503,-0.4033755660057068,27,73,47
2026-04-02 12:56:41.281,185481781,左脚+右脚,0.38113838244949716,0.6346968244371729,0.4243186414241791,-0.357098251581192,-0.4034963846206665,27,74,48
2026-04-02 12:56:41.372,185515115,左脚+右脚,0.4023557331112518,0.6346325629221938,0.42434701323509216,-0.3572964370250702,-0.4033920168876648,27,75,49
2026-04-02 12:56:41.373,185548449,左脚+右脚,0.4235713746098175,0.6345683740490511,0.4243128299713135,-0.357323557138443,-0.40309497714042664,27,76,50
2026-04-02 12:56:41.402,185581783,左脚+右脚,0.44478128363167185,0.6345457390564346,0.424198180437088,-0.357359379529953,-0.40301990509033203,27,77,51
2026-04-02 12:56:41.431,185615117,左脚+右脚,0.4659902047065391,0.6345068893396262,0.42417842149734497,-0.3573164939880371,-0.4027734398841858,27,78,52
2026-04-02 12:56:41.462,185648451,左脚+右脚,0.4872000138906135,0.6345235087752887,0.42419618368148804,-0.3574850559234619,-0.40304821729660034,27,79,53
2026-04-02 12:56:41.491,185681785,左脚+右脚,0.5084067266133918,0.6343930047692432,0.4241342544555664,-0.35757073760032654,-0.40247952938079834,27,80,54
2026-04-02 12:56:41.521,185715119,左脚+右脚,0.529617507353176,0.6343194231569307,0.4242156147956848,-0.35780030488967896,-0.402363121509552,27,81,55
2026-04-02 12:56:41.551,185748453,左脚+右脚,0.5508310567287101,0.6343958684133524,0.42427098751068115,-0.35738182067871094,-0.4022814631462097,27,82,56
2026-04-02 12:56:41.581,185781787,左脚+右脚,0.5720436226276054,0.6345032890318242,0.4242513179779053,-0.35727450251579285,-0.4027077555656433,27,83,57
2026-04-02 12:56:41.640,185815121,左脚+右脚,0.5932608704713478,0.6344392626601127,0.4243449568748474,-0.35746192932128906,-0.40259265899658203,27,84,58
2026-04-02 12:56:41.670,185848455,左脚+右脚,0.6144816707519187,0.6343964213029464,0.4244160056114197,-0.3576684892177582,-0.4026069641113281,27,85,59
2026-04-02 12:56:41.700,185881789,左脚+右脚,0.6344028395283101,0.6344028395283101,0.42435020208358765,-0.3576781451702118,-0.40265053510665894,27,86,60
2026-04-02 12:56:41.762,185915123,左脚+右脚,0.6485470127928136,0.6343441984762839,0.42432519793510437,-0.3576812148094177,-0.4023553133010864,27,87,61
2026-04-02 12:56:41.763,185948457,左脚+右脚,0.662691044992991,0.6342518631350347,0.4243209660053253,-0.3578716218471527,-0.40209946036338806,27,88,62
2026-04-02 12:56:41.792,185981791,左脚+右脚,0.6768378875521697,0.6342157122883214,0.4244052767753601,-0.35779786109924316,-0.4018327593803406,27,89,63
2026-04-02 12:56:41.821,186015125,左脚+右脚,0.6909903061258671,0.6343478529721618,0.42457255721092224,-0.3574965298175812,-0.4021661579608917,27,90,64
2026-04-02 12:56:41.852,186048459,左脚+右脚,0.7051450761028009,0.6345424523933096,0.4246430993080139,-0.35717540979385376,-0.402795672416687,27,91,65
2026-04-02 12:56:41.882,186081793,左脚+右脚,0.7192984801399586,0.6343837382397255,0.42460212111473083,-0.3575722873210907,-0.4024340808391571,27,92,66
2026-04-02 12:56:41.942,186115127,左脚+右脚,0.7334541968373336,0.634522145933794,0.4246715009212494,-0.3572161793708801,-0.40273812413215637,27,93,67
2026-04-02 12:56:41.972,186148461,左脚+右脚,0.7476090254255015,0.6344066819638985,0.4246448576450348,-0.35733461380004883,-0.40228337049484253,27,94,68
2026-04-02 12:56:42.002,186181795,左脚+右脚,0.7617654007542012,0.6344378157510857,0.42469125986099243,-0.3573678135871887,-0.40247929096221924,27,95,69
2026-04-02 12:56:42.031,186215129,左脚+右脚,0.775918612069674,0.6344708702620545,0.4245963394641876,-0.3575972318649292,-0.4029061794281006,27,96,70
2026-04-02 12:56:42.062,186248463,左脚+右脚,0.7900729071962711,0.6344882423298659,0.4246288537979126,-0.3575005829334259,-0.4028858542442322,27,97,71
2026-04-02 12:56:42.091,186281797,左脚+右脚,0.804228831516492,0.634294162641061,0.4246777296066284,-0.3579021692276001,-0.402349054813385,27,98,72
2026-04-02 12:56:42.122,186315131,左脚+右脚,0.8183880301185327,0.6345386215042531,0.42477595806121826,-0.3575655519962311,-0.40321609377861023,27,99,73
2026-04-02 12:56:42.152,186348465,左脚+右脚,0.8325487963227308,0.6345484252705456,0.42482298612594604,-0.35753384232521057,-0.40323036909103394,27,100,74
2026-04-02 12:56:42.181,186381799,左脚+右脚,0.8467098396885272,0.6345471394243845,0.4248313009738922,-0.3572932183742523,-0.4029524326324463,27,101,75
2026-04-02 12:56:42.242,186415133,左脚+右脚,0.8608716132112221,0.6346668753558182,0.42485320568084717,-0.3571498990058899,-0.40340176224708557,27,102,76
2026-04-02 12:56:42.273,186448467,左脚+右脚,0.8750316442914681,0.6345176483370325,0.42480093240737915,-0.35763248801231384,-0.40318453311920166,27,103,77
2026-04-02 12:56:42.302,186481801,左脚+右脚,0.8891890925037738,0.6345039621230932,0.42472344636917114,-0.3577403426170349,-0.4032362699508667,27,104,78
2026-04-02 12:56:42.332,186515135,左脚+右脚,0.9034341833857572,0.6340048294033463,0.4273527264595032,-0.3603784143924713,-0.40365272760391235,27,105,79
2026-04-02 12:56:42.362,186548469,左脚+右脚,0.9176804762947436,0.6339128133514249,0.4273887872695923,-0.3601435720920563,-0.40292054414749146,27,106,80
2026-04-02 12:56:42.390,186581803,左脚+右脚,0.931929411676315,0.6339985549534644,0.42746806144714355,-0.3595617115497589,-0.40270599722862244,27,107,81
2026-04-02 12:56:42.420,186615137,左脚+右脚,0.9461753489442543,0.6339347619113058,0.4273781180381775,-0.3597719371318817,-0.4026165008544922,27,108,82
2026-04-02 12:56:42.452,186648471,左脚+右脚,0.9604209285843248,0.6340637839592089,0.4273673892021179,-0.3593762516975403,-0.40283048152923584,27,109,83
2026-04-02 12:56:42.483,186681805,左脚+右脚,0.974665030029205,0.6340539379524839,0.42732304334640503,-0.3593316376209259,-0.4027303159236908,27,110,84
2026-04-02 12:56:42.542,186715139,左脚+右脚,0.988911297109512,0.6341247323610508,0.4273880124092102,-0.35887616872787476,-0.4025801718235016,27,111,85
2026-04-02 12:56:42.571,186748473,左脚+右脚,0.003154046522366505,0.6339980420984993,0.4272824823856354,-0.35917985439300537,-0.4022757112979889,27,112,86
2026-04-02 12:56:42.602,186781807,左脚+右脚,0.01739819664437324,0.6343225988769543,0.427324503660202,-0.35855916142463684,-0.4032326936721802,27,113,87
2026-04-02 12:56:42.630,186815141,左脚+右脚,0.031640733467328055,0.6342664386218854,0.4272761046886444,-0.3585672974586487,-0.40295541286468506,27,114,88
2026-04-02 12:56:42.662,186848475,左脚+右脚,0.04588219144621243,0.634441893447315,0.42724373936653137,-0.35855552554130554,-0.40383777022361755,27,115,89
2026-04-02 12:56:42.691,186881809,左脚+右脚,0.060125500149317085,0.6345715221316657,0.42729926109313965,-0.3581826984882355,-0.40408027172088623,27,116,90
2026-04-02 12:56:42.721,186915143,左脚+右脚,0.07437149304825813,0.6347795980499215,0.4273797869682312,-0.3577570915222168,-0.40466469526290894,27,117,91
2026-04-02 12:56:42.752,186948477,左脚+右脚,0.08862246988891315,0.6346662342716274,0.42752930521965027,-0.3586287796497345,-0.40506887435913086,27,118,92
2026-04-02 12:56:42.781,186981811,左脚+右脚,0.10287223178822548,0.6347849514835631,0.4274928569793701,-0.35849255323410034,-0.4055240750312805,27,119,93
2026-04-02 12:56:42.844,187015145,左脚+右脚,0.11712055622218798,0.6349703869640674,0.4274497330188751,-0.35821881890296936,-0.4061671197414398,27,120,94
2026-04-02 12:56:42.872,187048479,左脚+右脚,0.13136838097054512,0.6350748483264101,0.4274347424507141,-0.35803118348121643,-0.40649187564849854,27,121,95
2026-04-02 12:56:42.901,187081813,左脚+右脚,0.14561459838031482,0.6352898216083462,0.4273865222930908,-0.35775482654571533,-0.4072859287261963,27,122,96
2026-04-02 12:56:42.931,187115147,左脚+右脚,0.16699018745301913,0.6354630954034657,0.4275117814540863,-0.3575150668621063,-0.40790778398513794,27,123,97
2026-04-02 12:56:42.992,187148481,左脚+右脚,0.18835983990310382,0.6356196743816636,0.4273930490016937,-0.3574881851673126,-0.408687561750412,27,124,98
2026-04-02 12:56:42.992,187181815,左脚+右脚,0.20972854165910434,0.635841198057534,0.4273740351200104,-0.3572022020816803,-0.40950942039489746,27,125,99
2026-04-02 12:56:43.021,187215149,左脚+右脚,0.2310885217654581,0.6359788853909818,0.4271996021270752,-0.35715100169181824,-0.41016650199890137,27,126,100
2026-04-02 12:56:43.051,187248483,左脚+右脚,0.2524488475787516,0.6363389724421242,0.42720651626586914,-0.3564434051513672,-0.41122883558273315,27,127,101
2026-04-02 12:56:43.112,187281817,左脚+右脚,0.27380172728179647,0.636434791899319,0.4270575940608978,-0.35653916001319885,-0.41184002161026,27,128,102
2026-04-02 12:56:43.142,187315151,左脚+右脚,0.2951538634168978,0.6367138935942259,0.42704272270202637,-0.3562150001525879,-0.41292670369148254,27,129,103
2026-04-02 12:56:43.172,187348485,左脚+右脚,0.3165046226847048,0.6369905506605444,0.42701518535614014,-0.3560761511325836,-0.41421937942504883,27,130,104
2026-04-02 12:56:43.203,187381819,左脚+右脚,0.3378476303684588,0.6380603353517118,0.42686015367507935,-0.3523472249507904,-0.41549888253211975,27,131,105
2026-04-02 12:56:43.232,187415153,左脚+右脚,0.35918931035875035,0.637944105813773,0.4268335998058319,-0.35258999466896057,-0.4151701331138611,27,132,106
2026-04-02 12:56:43.262,187448487,左脚+右脚,0.3805276197063799,0.6378992069404841,0.42676618695259094,-0.3526667654514313,-0.41502317786216736,27,133,107
2026-04-02 12:56:43.292,187481821,左脚+右脚,0.40186883329032613,0.6380366657613521,0.42682427167892456,-0.35242846608161926,-0.4154694080352783,27,134,108
2026-04-02 12:56:43.322,187515155,左脚+右脚,0.4232030641901369,0.6380235428723522,0.4266846179962158,-0.35261309146881104,-0.41561758518218994,27,135,109
2026-04-02 12:56:43.350,187548489,左脚+右脚,0.4445427042114611,0.6379888064426498,0.42679280042648315,-0.35281890630722046,-0.4156762361526489,27,136,110
2026-04-02 12:56:43.381,187581823,左脚+右脚,0.4658801045882578,0.6379686708208123,0.42674800753593445,-0.35293540358543396,-0.4157068729400635,27,137,111
2026-04-02 12:56:43.441,187615157,左脚+右脚,0.4872173321115847,0.6380470169541624,0.4267445504665375,-0.35280415415763855,-0.4159671366214752,27,138,112
2026-04-02 12:56:43.472,187648491,左脚+右脚,0.508557948158967,0.6380477775455087,0.4268123209476471,-0.35265031456947327,-0.41578978300094604,27,139,113
2026-04-02 12:56:43.502,187681825,左脚+右脚,0.5298992854225512,0.6379815323820057,0.42682674527168274,-0.3527020812034607,-0.41550010442733765,27,140,114
2026-04-02 12:56:43.532,187715159,左脚+右脚,0.5512432139980669,0.6381770110778116,0.42687857151031494,-0.3522530794143677,-0.4160057306289673,27,141,115
2026-04-02 12:56:43.560,187748493,左脚+右脚,0.5725827020275468,0.6381797791407859,0.4267897605895996,-0.3523634970188141,-0.4161508083343506,27,142,116
2026-04-02 12:56:43.592,187781827,左脚+右脚,0.5939218577611322,0.6381062675758513,0.42678311467170715,-0.3526313602924347,-0.41607731580734253,27,143,117
2026-04-02 12:56:43.622,187815161,左脚+右脚,0.6152571406829233,0.6381081471111716,0.42670565843582153,-0.35262998938560486,-0.4160856604576111,27,144,118
2026-04-02 12:56:43.652,187848495,左脚+右脚,0.6365988683569307,0.6381346321556302,0.4268345534801483,-0.3526153862476349,-0.41620883345603943,27,145,119
2026-04-02 12:56:43.682,187881829,左脚+右脚,0.6508263450729722,0.6381565106258225,0.42682430148124695,-0.35240092873573303,-0.41607165336608887,27,146,120
2026-04-02 12:56:43.740,187915163,左脚+右脚,0.6650515995291744,0.638113908198783,0.4267576336860657,-0.3527689278125763,-0.4162801504135132,27,147,121
2026-04-02 12:56:43.772,187948497,左脚+右脚,0.679278657025881,0.6381595591008556,0.42681172490119934,-0.3525679409503937,-0.4162850081920624,27,148,122
2026-04-02 12:56:43.800,187981831,左脚+右脚,0.6935069791344676,0.6381700057598673,0.4268496632575989,-0.35267549753189087,-0.41646742820739746,27,149,123
2026-04-02 12:56:43.831,188015165,左脚+右脚,0.707737087395576,0.638167448428755,0.42690324783325195,-0.3524473011493683,-0.4161843955516815,27,150,124
2026-04-02 12:56:43.861,188048499,左脚+右脚,0.7219662091998134,0.6381381170465186,0.42687365412712097,-0.3524402678012848,-0.41602060198783875,27,151,125
2026-04-02 12:56:43.891,188081833,左脚+右脚,0.7361937236654633,0.638062276647092,0.4268254339694977,-0.3526175916194916,-0.41582798957824707,27,152,126
2026-04-02 12:56:43.920,188115167,左脚+右脚,0.7504248352714254,0.6380468535900579,0.4269333481788635,-0.3525579571723938,-0.4156759977340698,27,153,127
2026-04-02 12:56:43.952,188148501,左脚+右脚,0.764650014228411,0.6381117549080404,0.4267553687095642,-0.35266944766044617,-0.41615134477615356,27,154,128
2026-04-02 12:56:43.982,188181835,左脚+右脚,0.7788788032400483,0.6381137156821524,0.4268636703491211,-0.3527297377586365,-0.4162328839302063,27,155,129
2026-04-02 12:56:44.041,188215169,左脚+右脚,0.7931072485315674,0.6381084685854282,0.42685335874557495,-0.3526531457901001,-0.4161146879196167,27,156,130
2026-04-02 12:56:44.072,188248503,左脚+右脚,0.8073370011516287,0.6380763338368867,0.42689257860183716,-0.35256269574165344,-0.41583770513534546,27,157,131
2026-04-02 12:56:44.101,188281837,左脚+右脚,0.8215634596216553,0.6380198409098552,0.42679375410079956,-0.3525691330432892,-0.415546178817749,27,158,132
2026-04-02 12:56:44.130,188315171,左脚+右脚,0.8357909363376969,0.6380377167505881,0.42682430148124695,-0.35259029269218445,-0.41566574573516846,27,159,133
2026-04-02 12:56:44.161,188348505,左脚+右脚,0.8500236910450333,0.6382423760700402,0.4269826412200928,-0.35230836272239685,-0.4164176881313324,27,160,134
2026-04-02 12:56:44.252,188381839,左脚+右脚,0.8642540347444886,0.6382344721699849,0.42691031098365784,-0.3524644076824188,-0.41656017303466797,27,161,135
2026-04-02 12:56:44.253,188415173,左脚+右脚,0.8784867646165564,0.6379086566977443,0.4269818961620331,-0.3530135750770569,-0.415481299161911,27,162,136
2026-04-02 12:56:44.282,188448507,左脚+右脚,0.8927180669573818,0.638001868755905,0.42693907022476196,-0.35272106528282166,-0.4156301021575928,27,163,137
2026-04-02 12:56:44.283,188481841,左脚+右脚,0.9069547436503445,0.6381446128655739,0.4271003007888794,-0.3526264727115631,-0.4162748456001282,27,164,138
2026-04-02 12:56:44.342,188515175,左脚+右脚,0.9211912703382844,0.6382759628106748,0.42709580063819885,-0.35225096344947815,-0.4165280759334564,27,165,139
2026-04-02 12:56:44.371,188548509,左脚+右脚,0.9354296100008362,0.6382737251168789,0.4271501898765564,-0.3522419035434723,-0.41650548577308655,27,166,140
2026-04-02 12:56:44.401,188581843,左脚+右脚,0.9496651402977977,0.6382490715939135,0.427065908908844,-0.3524286448955536,-0.4165953993797302,27,167,141
2026-04-02 12:56:44.432,188615177,左脚+右脚,0.9639004729060207,0.6383007057893767,0.42705997824668884,-0.3523292541503906,-0.41675204038619995,27,168,142
2026-04-02 12:56:44.462,188648511,左脚+右脚,0.9781337809431427,0.6383013225873251,0.4269992411136627,-0.3523211181163788,-0.41674569249153137,27,169,143
2026-04-02 12:56:44.491,188681845,左脚+右脚,0.992368618832814,0.6382147341734989,0.42704513669013977,-0.35223227739334106,-0.41618114709854126,27,170,144
2026-04-02 12:56:44.521,188715179,左脚+右脚,0.00660807409563402,0.6383805348989224,0.4271836578845978,-0.352157324552536,-0.41697269678115845,27,171,145
2026-04-02 12:56:44.552,188748513,左脚+右脚,0.02084416864989936,0.6384004726650703,0.4270828366279602,-0.3522360324859619,-0.4171718955039978,27,172,146
2026-04-02 12:56:44.581,188781847,左脚+右脚,0.035077201512244735,0.6383158227358521,0.42699098587036133,-0.352720707654953,-0.4172954559326172,27,173,147
2026-04-02 12:56:44.641,188815181,左脚+右脚,0.04931015788196265,0.638438111543169,0.4269886910915375,-0.3524441421031952,-0.41761869192123413,27,174,148
2026-04-02 12:56:44.671,188848515,左脚+右脚,0.06354806441742916,0.6384654164550365,0.42713719606399536,-0.3521119952201843,-0.41737037897109985,27,175,149
2026-04-02 12:56:44.702,188881849,左脚+右脚,0.07778466859140733,0.6384792167669704,0.4270981252193451,-0.35226231813430786,-0.41762202978134155,27,176,150
2026-04-02 12:56:44.732,188915183,左脚+右脚,0.09201716799218196,0.6384731483726268,0.42697498202323914,-0.35240310430526733,-0.4177566170692444,27,177,151
2026-04-02 12:56:44.761,188948517,左脚+右脚,0.10625381090917924,0.6385134602400532,0.4270992875099182,-0.35201337933540344,-0.41750913858413696,27,178,152
2026-04-02 12:56:44.791,188981851,左脚+右脚,0.12048970777470608,0.6385104619761208,0.42707690596580505,-0.35220107436180115,-0.41771578788757324,27,179,153
2026-04-02 12:56:44.821,189015185,左脚+右脚,0.13472530860383053,0.638473762732445,0.4270680248737335,-0.3522292673587799,-0.4175538122653961,27,180,154
2026-04-02 12:56:44.851,189048519,左脚+右脚,0.14895840405105293,0.6384090300714385,0.42699286341667175,-0.35237157344818115,-0.41737794876098633,27,181,155
2026-04-02 12:56:44.881,189081853,左脚+右脚,0.17030992774842918,0.6384352353181557,0.427030473947525,-0.3523578643798828,-0.41750115156173706,27,182,156
2026-04-02 12:56:44.941,189115187,左脚+右脚,0.19166558055757224,0.6385062295561592,0.42711305618286133,-0.3520650565624237,-0.41753193736076355,27,183,157
2026-04-02 12:56:44.971,189148521,左脚+右脚,0.21301563053010641,0.6384927904331017,0.4270009994506836,-0.3523409068584442,-0.41778749227523804,27,184,158
2026-04-02 12:56:45.002,189181855,左脚+右脚,0.23436675189613043,0.6386353221650839,0.42702242732048035,-0.3520384132862091,-0.4181881546974182,27,185,159
2026-04-02 12:56:45.031,189215189,左脚+右脚,0.2557181072103852,0.6385462054086661,0.4270271062850952,-0.35224083065986633,-0.41795337200164795,27,186,160
2026-04-02 12:56:45.062,189248523,左脚+右脚,0.27706878005145724,0.6384235479669742,0.42701345682144165,-0.3525952100753784,-0.41772013902664185,27,187,161
2026-04-02 12:56:45.091,189281857,左脚+右脚,0.2984194514024132,0.6384420474418799,0.42701342701911926,-0.3525022864341736,-0.41770854592323303,27,188,162
2026-04-02 12:56:45.122,189315191,左脚+右脚,0.3197742459046715,0.6385954742490738,0.427095890045166,-0.35235390067100525,-0.4183502793312073,27,189,163
2026-04-02 12:56:45.152,189348525,左脚+右脚,0.3411299329864853,0.6386255493366872,0.42711374163627625,-0.35224106907844543,-0.41837674379348755,27,190,164
2026-04-02 12:56:45.182,189381859,左脚+右脚,0.3624835055935257,0.6384947571091065,0.4270714521408081,-0.35258209705352783,-0.41808396577835083,27,191,165
2026-04-02 12:56:45.242,189415193,左脚+右脚,0.38384097336410217,0.6385042047854421,0.42714935541152954,-0.35239216685295105,-0.41790908575057983,27,192,166
2026-04-02 12:56:45.273,189448527,左脚+右脚,0.40519452212928464,0.6385281421485569,0.4270709753036499,-0.35234251618385315,-0.4179777503013611,27,193,167
2026-04-02 12:56:45.302,189481861,左脚+右脚,0.426546908603894,0.6385615389605764,0.4270477294921875,-0.35229727625846863,-0.41810208559036255,27,194,168
2026-04-02 12:56:45.332,189515195,左脚+右脚,0.447897630618798,0.6385431539135472,0.42701444029808044,-0.35235294699668884,-0.41807013750076294,27,195,169
2026-04-02 12:56:45.362,189548529,左脚+右脚,0.4692414325344436,0.6384861714950192,0.426876038312912,-0.35256949067115784,-0.4180232584476471,27,196,170
2026-04-02 12:56:45.391,189581863,左脚+右脚,0.49058925925372765,0.6383787541423003,0.42695653438568115,-0.35272714495658875,-0.4176379144191742,27,197,171
2026-04-02 12:56:45.422,189615197,左脚+右脚,0.5119354081022612,0.6383646685806552,0.4269229769706726,-0.3529681861400604,-0.41784828901290894,27,198,172
2026-04-02 12:56:45.452,189648531,左脚+右脚,0.5332831781971328,0.6383465407070458,0.4269554018974304,-0.3528434932231903,-0.4176041781902313,27,199,173
2026-04-02 12:56:45.482,189681865,左脚+右脚,0.5546305474507682,0.6383708354559847,0.42694738507270813,-0.3526217043399811,-0.41747093200683594,27,200,174
2026-04-02 12:56:45.542,189715199,左脚+右脚,0.5759763878452652,0.6384774341601476,0.42691680788993835,-0.3524572551250458,-0.41784363985061646,27,201,175
2026-04-02 12:56:45.572,189748533,左脚+右脚,0.5973176014292114,0.6382962347465502,0.42682427167892456,-0.3530084788799286,-0.41753166913986206,27,202,176
2026-04-02 12:56:45.602,189781867,左脚+右脚,0.6186588403451316,0.6384120994194386,0.42682477831840515,-0.352994829416275,-0.4181325435638428,27,203,177
2026-04-02 12:56:45.631,189815201,左脚+右脚,0.6384116437877196,0.6384116437877196,0.42689916491508484,-0.35264846682548523,-0.41771984100341797,27,204,178
2026-04-02 12:56:45.661,189848535,左脚+右脚,0.6526415851558227,0.6383433238083178,0.4268982410430908,-0.3529787063598633,-0.4177470803260803,27,205,179
2026-04-02 12:56:45.692,189881869,左脚+右脚,0.6668705460275192,0.6383862250345176,0.42686882615089417,-0.35271120071411133,-0.41765880584716797,27,206,180
2026-04-02 12:56:45.721,189915203,左脚+右脚,0.6810995168333231,0.6385177420473884,0.42686912417411804,-0.35251346230506897,-0.41812509298324585,27,207,181
2026-04-02 12:56:45.751,189948537,左脚+右脚,0.6953295456215719,0.6384172267723056,0.42690086364746094,-0.35282644629478455,-0.41796040534973145,27,208,182
2026-04-02 12:56:45.782,189981871,左脚+右脚,0.7095617609068731,0.6385583652582404,0.42696645855903625,-0.3527222275733948,-0.4185894727706909,27,209,183
2026-04-02 12:56:45.841,190015205,左脚+右脚,0.7237939463898518,0.6385923289242224,0.4269655644893646,-0.3525329530239105,-0.41854608058929443,27,210,184
2026-04-02 12:56:45.871,190048539,左脚+右脚,0.7380241609459101,0.6385382481623252,0.42690643668174744,-0.3528164327144623,-0.4185938835144043,27,211,185
2026-04-02 12:56:45.901,190081873,左脚+右脚,0.7522547818069635,0.6385472706750679,0.426918625831604,-0.3526378571987152,-0.4184301495552063,27,212,186
2026-04-02 12:56:45.963,190115207,左脚+右脚,0.7664853212083358,0.6385652284322658,0.4269161820411682,-0.35258182883262634,-0.4184594750404358,27,213,187
2026-04-02 12:56:45.964,190148541,左脚+右脚,0.7807137178227284,0.6384289508027966,0.42685189843177795,-0.352674663066864,-0.4178430438041687,27,214,188
2026-04-02 12:56:45.990,190181875,左脚+右脚,0.7949494845514474,0.6385855731312117,0.42707300186157227,-0.3526010811328888,-0.4185909032821655,27,215,189
2026-04-02 12:56:46.020,190215209,左脚+右脚,0.8091788825238723,0.6383976375303594,0.42688193917274475,-0.3529854714870453,-0.41804438829421997,27,216,190
2026-04-02 12:56:46.050,190248543,左脚+右脚,0.8234103577181675,0.6384605024204908,0.4269442558288574,-0.3526475727558136,-0.41797903180122375,27,217,191
2026-04-02 12:56:46.082,190281877,左脚+右脚,0.8376390155995864,0.6385731059164692,0.4268597364425659,-0.35236576199531555,-0.4182450473308563,27,218,192
2026-04-02 12:56:46.141,190315211,左脚+右脚,0.8518707768961766,0.6385019509690437,0.4269528388977051,-0.3524776101112366,-0.41799840331077576,27,219,193
2026-04-02 12:56:46.170,190348545,左脚+右脚,0.8660992509966075,0.638404257540583,0.4268542230129242,-0.3528006374835968,-0.417860746383667,27,220,194
2026-04-02 12:56:46.200,190381879,左脚+右脚,0.8803322639907379,0.6383676247894252,0.4269903898239136,-0.35285094380378723,-0.41772523522377014,27,221,195
2026-04-02 12:56:46.230,190415213,左脚+右脚,0.8945631888354798,0.6383676112337138,0.42692774534225464,-0.3530285060405731,-0.4179353713989258,27,222,196
2026-04-02 12:56:46.261,190448547,左脚+右脚,0.9087921407664795,0.6385238535510886,0.4268685579299927,-0.35260704159736633,-0.41826868057250977,27,223,197
2026-04-02 12:56:46.291,190481881,左脚+右脚,0.9230228709027151,0.6384989540120015,0.42692190408706665,-0.3525523245334625,-0.41807103157043457,27,224,198
2026-04-02 12:56:46.321,190515215,左脚+右脚,0.9372554855391363,0.6385145340101179,0.4269784390926361,-0.3525168001651764,-0.4181119501590729,27,225,199
2026-04-02 12:56:46.353,190548549,左脚+右脚,0.9514858401661097,0.6385080428948928,0.4269106388092041,-0.35249292850494385,-0.41804903745651245,27,226,200
2026-04-02 12:56:46.381,190581883,左脚+右脚,0.9657218959773559,0.6387378048154211,0.4270816743373871,-0.35205987095832825,-0.41876065731048584,27,227,201
2026-04-02 12:56:46.443,190615217,左脚+右脚,0.9799525963112691,0.638532887296563,0.426921010017395,-0.35251322388648987,-0.4182055592536926,27,228,202
2026-04-02 12:56:46.471,190648551,左脚+右脚,0.9941869454428532,0.6385929455297394,0.427030473947525,-0.35230371356010437,-0.41827720403671265,27,229,203
2026-04-02 12:56:46.501,190681885,左脚+右脚,0.008418152416246993,0.6385530270452809,0.42693620920181274,-0.3526444733142853,-0.418468713760376,27,230,204
2026-04-02 12:56:46.531,190715219,左脚+右脚,0.02264969118883,0.6385530681954431,0.42694616317749023,-0.35256442427635193,-0.4183739423751831,27,231,205
2026-04-02 12:56:46.592,190748553,左脚+右脚,0.03687789607494857,0.638593678892712,0.42684614658355713,-0.352535218000412,-0.41855597496032715,27,232,206
2026-04-02 12:56:46.593,190781887,左脚+右脚,0.05111039050866947,0.6386562443612642,0.4269748330116272,-0.3522172272205353,-0.418512225151062,27,233,207
2026-04-02 12:56:46.622,190815221,左脚+右脚,0.06534555721729782,0.6386839412840093,0.4270550012588501,-0.352265328168869,-0.41871726512908936,27,234,208
2026-04-02 12:56:46.652,190848555,左脚+右脚,0.07958300678382105,0.6386263641167461,0.427123486995697,-0.35239377617836,-0.41856247186660767,27,235,209
2026-04-02 12:56:46.682,190881889,左脚+右脚,0.09381568003147628,0.6385470076295088,0.426980197429657,-0.35269489884376526,-0.41849642992019653,27,236,210
2026-04-02 12:56:46.742,190915223,左脚+右脚,0.10804837215393569,0.638550912446259,0.42698076367378235,-0.3526092767715454,-0.4184156656265259,27,237,211
2026-04-02 12:56:46.772,190948557,左脚+右脚,0.12228224444836165,0.6384938770724264,0.42701616883277893,-0.3526482582092285,-0.4181577265262604,27,238,212
2026-04-02 12:56:46.801,190981891,左脚+右脚,0.13651480345378106,0.6385781564842419,0.4269767701625824,-0.3524205982685089,-0.4183370769023895,27,239,213
2026-04-02 12:56:46.831,191015225,左脚+右脚,0.15074223149269605,0.6384714540894436,0.42682284116744995,-0.352682888507843,-0.4180792570114136,27,240,214
2026-04-02 12:56:46.862,191048559,左脚+右脚,0.1720951767608502,0.6385192676054317,0.4270589053630829,-0.3526599705219269,-0.41830700635910034,27,241,215
2026-04-02 12:56:46.892,191081893,左脚+右脚,0.193449303691087,0.638576292496471,0.42708253860473633,-0.35238930583000183,-0.41828998923301697,27,242,216
2026-04-02 12:56:46.922,191115227,左脚+右脚,0.2148035900637486,0.6385987357281573,0.4270857274532318,-0.3525716960430145,-0.4186262786388397,27,243,217
2026-04-02 12:56:46.952,191148561,左脚+右脚,0.2361576931521275,0.638681250631282,0.4270820617675781,-0.3525671660900116,-0.41906166076660156,27,244,218
2026-04-02 12:56:46.982,191181895,左脚+右脚,0.2575137929961064,0.6385845712941844,0.42712199687957764,-0.3526116609573364,-0.41859811544418335,27,245,219
2026-04-02 12:56:47.042,191215229,左脚+右脚,0.27886973637789275,0.6385644983224781,0.42711886763572693,-0.3525218069553375,-0.4183843433856964,27,246,220
2026-04-02 12:56:47.072,191248563,左脚+右脚,0.3002286942645886,0.6385014378666675,0.42717915773391724,-0.3528394401073456,-0.4184247553348541,27,247,221
2026-04-02 12:56:47.102,191281897,左脚+右脚,0.3215848745748379,0.6385404608366139,0.4271236062049866,-0.3526725471019745,-0.4184349775314331,27,248,222
2026-04-02 12:56:47.132,191315231,左脚+右脚,0.34294651467054865,0.6385705078849828,0.4272328019142151,-0.35255101323127747,-0.41845107078552246,27,249,223
2026-04-02 12:56:47.191,191348565,左脚+右脚,0.3643088387295582,0.6388404285743285,0.42724648118019104,-0.35219183564186096,-0.41946643590927124,27,250,224
2026-04-02 12:56:47.192,191381899,左脚+右脚,0.38567063081711317,0.6386825562470173,0.42723584175109863,-0.35258957743644714,-0.4190952777862549,27,251,225
2026-04-02 12:56:47.222,191415233,左脚+右脚,0.4070305751606801,0.6386464438045767,0.4271988868713379,-0.3526211678981781,-0.41893982887268066,27,252,226
2026-04-02 12:56:47.251,191448567,左脚+右脚,0.42839429098814513,0.6386396156372083,0.42727431654930115,-0.35251542925834656,-0.418777734041214,27,253,227
2026-04-02 12:56:47.281,191481901,左脚+右脚,0.4497504623576977,0.6387538823681022,0.42712342739105225,-0.35251498222351074,-0.4193879961967468,27,254,228
2026-04-02 12:56:47.342,191515235,左脚+右脚,0.4711072089120724,0.638526456975316,0.4271349310874939,-0.35301315784454346,-0.4187643229961395,27,255,229
2026-04-02 12:56:47.372,191548569,左脚+右脚,0.49246521312445185,0.6385996298396377,0.4271600842475891,-0.3529362380504608,-0.41906389594078064,27,256,230
2026-04-02 12:56:47.401,191581903,左脚+右脚,0.513818197135625,0.6386268555872372,0.42705968022346497,-0.35305067896842957,-0.41934534907341003,27,257,231
2026-04-02 12:56:47.432,191615237,左脚+右脚,0.5351738842174388,0.638497844584891,0.42711374163627625,-0.3530450761318207,-0.41864943504333496,27,258,232
2026-04-02 12:56:47.461,191648571,左脚+右脚,0.5565364735171177,0.6387036077551455,0.42725178599357605,-0.35269299149513245,-0.41933077573776245,27,259,233
2026-04-02 12:56:47.494,191681905,左脚+右脚,0.5778999375149585,0.638628816588229,0.4272692799568176,-0.3527810871601105,-0.4190356135368347,27,260,234
2026-04-02 12:56:47.521,191715239,左脚+右脚,0.5992600576922275,0.6387266718890492,0.42720240354537964,-0.3527742326259613,-0.4195507764816284,27,261,235
2026-04-02 12:56:47.551,191748573,左脚+右脚,0.6206213818833209,0.6385654808451708,0.4272264838218689,-0.3527875542640686,-0.4187049865722656,27,262,236
2026-04-02 12:56:47.582,191781907,左脚+右脚,0.6384929841822233,0.6384929841822233,0.42706307768821716,-0.3531683683395386,-0.4187696874141693,27,263,237
2026-04-02 12:56:47.641,191815241,左脚+右脚,0.6527318980361866,0.6385149699195154,0.4271674156188965,-0.3531801700592041,-0.41890108585357666,27,264,238
2026-04-02 12:56:47.701,191848575,左脚+右脚,0.6669688767260161,0.6385625938986421,0.42710936069488525,-0.353028804063797,-0.4189758896827698,27,265,239
2026-04-02 12:56:47.702,191881909,左脚+右脚,0.6812089141275334,0.6387816037408709,0.42720112204551697,-0.3526506721973419,-0.4196978211402893,27,266,240
2026-04-02 12:56:47.733,191915243,左脚+右脚,0.6954465534355091,0.6386687940357789,0.42712917923927307,-0.35305526852607727,-0.41957515478134155,27,267,241
2026-04-02 12:56:47.761,191948577,左脚+右脚,0.7096863693064299,0.6387366130389768,0.4271944761276245,-0.35286590456962585,-0.41971302032470703,27,268,242
2026-04-02 12:56:47.822,191981911,左脚+右脚,0.7239237155582355,0.6386364647032052,0.4271203875541687,-0.3531440198421478,-0.41950762271881104,27,269,243
2026-04-02 12:56:47.822,192015245,左脚+右脚,0.7381604081457701,0.6386030776741152,0.4271007776260376,-0.352984219789505,-0.4191392958164215,27,270,244
2026-04-02 12:56:47.851,192048579,左脚+右脚,0.7523988749648975,0.6387105370887669,0.427154004573822,-0.3526898920536041,-0.41936415433883667,27,271,245
2026-04-02 12:56:47.882,192081913,左脚+右脚,0.766631343569939,0.6386054439753514,0.4269740581512451,-0.35327160358428955,-0.4194931983947754,27,272,246
2026-04-02 12:56:47.942,192115247,左脚+右脚,0.7808663374250975,0.638376277447195,0.42704981565475464,-0.35360756516456604,-0.41866713762283325,27,273,247
2026-04-02 12:56:47.972,192148581,左脚+右脚,0.7951002305811491,0.6385726884466691,0.4270167946815491,-0.35322141647338867,-0.4192584455013275,27,274,248
2026-04-02 12:56:48.001,192181915,左脚+右脚,0.8093364801074908,0.6385572784054435,0.4270874857902527,-0.3529299795627594,-0.4188302159309387,27,275,249
2026-04-02 12:56:48.031,192215249,左脚+右脚,0.823574748244469,0.6385472758947228,0.4271480441093445,-0.3530491888523102,-0.418918251991272,27,276,250
2026-04-02 12:56:48.061,192248583,左脚+右脚,0.8378097669348961,0.6385846750507997,0.42705056071281433,-0.35318440198898315,-0.4192785918712616,27,277,251
2026-04-02 12:56:48.092,192281917,左脚+右脚,0.8520457720821942,0.6386671397398316,0.4270801544189453,-0.3527836501598358,-0.4192435145378113,27,278,252
2026-04-02 12:56:48.121,192315251,左脚+右脚,0.866277632719859,0.6384778623794911,0.42695581912994385,-0.3533262312412262,-0.41887611150741577,27,279,253
2026-04-02 12:56:48.152,192348585,左脚+右脚,0.8805115695859835,0.6385163967471192,0.42701810598373413,-0.35323530435562134,-0.4189741015434265,27,280,254
2026-04-02 12:56:48.181,192381919,左脚+右脚,0.8947455034718758,0.6385393522269804,0.42701801657676697,-0.3531321585178375,-0.418974369764328,27,281,255
2026-04-02 12:56:48.242,192415253,左脚+右脚,0.9089812503323799,0.6385994633514287,0.4270724058151245,-0.35310259461402893,-0.41926053166389465,27,282,256
2026-04-02 12:56:48.272,192448587,左脚+右脚,0.9232180313334709,0.6385280452326105,0.4271034300327301,-0.3532298505306244,-0.4190298616886139,27,283,257
2026-04-02 12:56:48.301,192481921,左脚+右脚,0.9374530291622724,0.638538883657352,0.4270499348640442,-0.35319241881370544,-0.4190433621406555,27,284,258
2026-04-02 12:56:48.331,192515255,左脚+右脚,0.951690645621801,0.6385675315018358,0.42712849378585815,-0.35320404171943665,-0.4192102551460266,27,285,259
2026-04-02 12:56:48.363,192548589,左脚+右脚,0.9659274286097135,0.6386112937821278,0.4271034896373749,-0.35284698009490967,-0.41902023553848267,27,286,260
2026-04-02 12:56:48.391,192581923,左脚+右脚,0.9801642304724302,0.6384819102970396,0.42710405588150024,-0.3533414304256439,-0.4189157485961914,27,287,261
2026-04-02 12:56:48.422,192615257,左脚+右脚,0.9944004919197009,0.638436188093906,0.42708784341812134,-0.3531803786754608,-0.4184808135032654,27,288,262
2026-04-02 12:56:48.451,192648591,左脚+右脚,0.008637566970372879,0.6385366570405746,0.42711225152015686,-0.3530060350894928,-0.41881033778190613,27,289,263
2026-04-02 12:56:48.481,192681925,左脚+右脚,0.02287466486949194,0.6384803611753197,0.4271129369735718,-0.3533926010131836,-0.418968141078949,27,290,264
2026-04-02 12:56:48.542,192715259,左脚+右脚,0.03711020311373937,0.638499377913335,0.4270661473274231,-0.3532872796058655,-0.4189448356628418,27,291,265
2026-04-02 12:56:48.571,192748593,左脚+右脚,0.05134971400756109,0.6385043445172289,0.4271853268146515,-0.3532266616821289,-0.4188994765281677,27,292,266
2026-04-02 12:56:48.602,192781927,左脚+右脚,0.06558645626563299,0.6384906177347561,0.427102267742157,-0.353341668844223,-0.4189625382423401,27,293,267
2026-04-02 12:56:48.631,192815261,左脚+右脚,0.07982202033855983,0.638468520419597,0.4270669221878052,-0.3532951772212982,-0.41878941655158997,27,294,268
2026-04-02 12:56:48.662,192848595,左脚+右脚,0.09405834933776128,0.6385916596282046,0.4270898699760437,-0.35307201743125916,-0.41918250918388367,27,295,269
2026-04-02 12:56:48.691,192881929,左脚+右脚,0.10829756022153762,0.6385635162137795,0.4271763265132904,-0.3531281352043152,-0.41909870505332947,27,296,270
2026-04-02 12:56:48.721,192915263,左脚+右脚,0.12253338357466924,0.6385438542156092,0.42707470059394836,-0.3533037602901459,-0.4192020297050476,27,297,271
2026-04-02 12:56:48.751,192948597,左脚+右脚,0.1367698178754098,0.638486313753653,0.4270930290222168,-0.35338908433914185,-0.41899576783180237,27,298,272
2026-04-02 12:56:48.783,192981931,左脚+右脚,0.1510069257086363,0.638566491606166,0.42711323499679565,-0.35326457023620605,-0.41927653551101685,27,299,273
2026-04-02 12:56:48.842,193015265,左脚+右脚,0.17236262769161131,0.6387389573979168,0.4271140396595001,-0.3529728353023529,-0.41985276341438293,27,300,274
2026-04-02 12:56:48.872,193048599,左脚+右脚,0.19372318298278715,0.6387306502369743,0.42721110582351685,-0.3527916371822357,-0.4195927679538727,27,301,275
2026-04-02 12:56:48.933,193081933,左脚+右脚,0.21508197397647763,0.6386129014146326,0.4271758198738098,-0.35324591398239136,-0.4195025861263275,27,302,276
2026-04-02 12:56:48.933,193115267,左脚+右脚,0.23644303441701794,0.6386205655464691,0.4272212088108063,-0.3532619774341583,-0.4195626676082611,27,303,277
2026-04-02 12:56:48.961,193148601,左脚+右脚,0.2578001609510031,0.6386286209459306,0.42714253067970276,-0.35310831665992737,-0.41942325234413147,27,304,278
2026-04-02 12:56:48.991,193181935,左脚+右脚,0.27915587485490706,0.6387626238945677,0.4271142780780792,-0.3529902994632721,-0.4200003147125244,27,305,279
2026-04-02 12:56:49.022,193215269,左脚+右脚,0.3005124113029089,0.6386054479295031,0.42713072896003723,-0.3532072603702545,-0.4194168150424957,27,306,280
2026-04-02 12:56:49.052,193248603,左脚+右脚,0.3218744313782301,0.6387689193947023,0.42724040150642395,-0.3529975414276123,-0.42004266381263733,27,307,281
2026-04-02 12:56:49.082,193281937,左脚+右脚,0.34323343545852564,0.6386855394957673,0.42718008160591125,-0.35320404171943665,-0.41984161734580994,27,308,282
2026-04-02 12:56:49.142,193315271,左脚+右脚,0.3645958682960119,0.6387023673030476,0.42724865674972534,-0.3529786169528961,-0.4196637272834778,27,309,283
2026-04-02 12:56:49.172,193348605,左脚+右脚,0.3859549558228102,0.6387410573209822,0.42718175053596497,-0.35301366448402405,-0.41991257667541504,27,310,284
2026-04-02 12:56:49.202,193381939,左脚+右脚,0.40731065482555295,0.6387812624582541,0.42711398005485535,-0.35296157002449036,-0.4200659990310669,27,311,285
2026-04-02 12:56:49.232,193415273,左脚+右脚,0.428667468435153,0.6388534510507233,0.42713627219200134,-0.3529795706272125,-0.42047449946403503,27,312,286
2026-04-02 12:56:49.261,193448607,左脚+右脚,0.45002366662679577,0.6386377128741928,0.4271239638328552,-0.35319411754608154,-0.4195738136768341,27,313,287
2026-04-02 12:56:49.292,193481941,左脚+右脚,0.4713796860045042,0.6386678085939634,0.4271203875541687,-0.35319873690605164,-0.41974037885665894,27,314,288
2026-04-02 12:56:49.322,193515275,左脚+右脚,0.49273725212274455,0.6386879395132765,0.42715132236480713,-0.35303691029548645,-0.41965579986572266,27,315,289
2026-04-02 12:56:49.352,193548609,左脚+右脚,0.5140969103640165,0.6386181600248254,0.42719316482543945,-0.35341474413871765,-0.4197312295436859,27,316,290
2026-04-02 12:56:49.381,193581943,左脚+右脚,0.5354572168058004,0.6386659585758223,0.4272061288356781,-0.35320305824279785,-0.4197356104850769,27,317,291
2026-04-02 12:56:49.442,193615277,左脚+右脚,0.5568166172569837,0.6387078844147802,0.4271880090236664,-0.3532316982746124,-0.41999417543411255,27,318,292
2026-04-02 12:56:49.472,193648611,左脚+右脚,0.578180909759387,0.6388178479762242,0.4272858500480652,-0.35286179184913635,-0.4201433062553406,27,319,293
2026-04-02 12:56:49.502,193681945,左脚+右脚,0.5995396635001745,0.6385724659768676,0.4271750748157501,-0.35341715812683105,-0.4194895923137665,27,320,294
2026-04-02 12:56:49.532,193715279,左脚+右脚,0.6208996227449026,0.638583876830275,0.42719918489456177,-0.35338255763053894,-0.41950955986976624,27,321,295
2026-04-02 12:56:49.562,193748613,左脚+右脚,0.6386134208719244,0.6386134208719244,0.4272381365299225,-0.3532728850841522,-0.41953739523887634,27,322,296
2026-04-02 12:56:49.592,193781947,左脚+右脚,0.6528541745225896,0.6387884482808832,0.4272226095199585,-0.35304567217826843,-0.42020460963249207,27,323,297
2026-04-02 12:56:49.621,193815281,左脚+右脚,0.667094857641092,0.6386990265230879,0.42722049355506897,-0.35317349433898926,-0.4198775291442871,27,324,298
2026-04-02 12:56:49.651,193848615,左脚+右脚,0.6813351046522766,0.6385608650341913,0.42720741033554077,-0.35350412130355835,-0.4195307493209839,27,325,299
2026-04-02 12:56:49.681,193881949,左脚+右脚,0.6955792557676941,0.6386115681047098,0.4273245334625244,-0.35309579968452454,-0.41931718587875366,27,326,300
2026-04-02 12:56:49.741,193915283,左脚+右脚,0.7098202736656178,0.6386487357227574,0.4272305369377136,-0.3531406819820404,-0.41956931352615356,27,327,301
2026-04-02 12:56:49.771,193948617,左脚+右脚,0.7240628134688049,0.6387774053434684,0.4272761940956116,-0.352912575006485,-0.4199870228767395,27,328,302
2026-04-02 12:56:49.801,193981951,左脚+右脚,0.738306797691217,0.6387062321072414,0.4273195266723633,-0.35320788621902466,-0.4199570119380951,27,329,303
2026-04-02 12:56:49.831,194015285,左脚+右脚,0.7525483987212488,0.6387097703706716,0.4272480309009552,-0.3532496690750122,-0.42002564668655396,27,330,304
2026-04-02 12:56:49.861,194048619,左脚+右脚,0.7667905669888168,0.6386650123297655,0.4272650480270386,-0.3534068465232849,-0.4199727177619934,27,331,305
2026-04-02 12:56:49.891,194081953,左脚+右脚,0.7810292513648975,0.6385623867271495,0.4271605312824249,-0.3535076081752777,-0.4195430278778076,27,332,306
2026-04-02 12:56:49.921,194115287,左脚+右脚,0.795273473012478,0.638723896023908,0.42732664942741394,-0.3531998097896576,-0.4200420379638672,27,333,307
2026-04-02 12:56:49.951,194148621,左脚+右脚,0.8095168770830142,0.6387149340152898,0.42730212211608887,-0.353134423494339,-0.4199162721633911,27,334,308
2026-04-02 12:56:49.981,194181955,左脚+右脚,0.8237591397246031,0.6387121453549636,0.4272678792476654,-0.3532719016075134,-0.4200648069381714,27,335,309
2026-04-02 12:56:50.042,194215289,左脚+右脚,0.8379993648807514,0.6386513137099132,0.42720675468444824,-0.3534913957118988,-0.4199998080730438,27,336,310
2026-04-02 12:56:50.071,194248623,左脚+右脚,0.8522379032254526,0.6385836870438855,0.42715615034103394,-0.353362500667572,-0.4194847345352173,27,337,311
2026-04-02 12:56:50.101,194281957,左脚+右脚,0.8664808999975829,0.6386119494093967,0.4272899031639099,-0.3534376919269562,-0.419725239276886,27,338,312
2026-04-02 12:56:50.132,194315291,左脚+右脚,0.8807212165475199,0.6385564851910609,0.4272094964981079,-0.3535410165786743,-0.4195511043071747,27,339,313
2026-04-02 12:56:50.161,194348625,左脚+右脚,0.8949621678869237,0.6385408948952098,0.42722854018211365,-0.3537401854991913,-0.41970402002334595,27,340,314
2026-04-02 12:56:50.191,194381959,左脚+右脚,0.9091999542196899,0.6385499800017651,0.42713358998298645,-0.35376662015914917,-0.4197840094566345,27,341,315
2026-04-02 12:56:50.221,194415293,左脚+右脚,0.9234383584539403,0.638541377377039,0.4271521270275116,-0.35364899039268494,-0.41959840059280396,27,342,316
2026-04-02 12:56:50.251,194448627,左脚+右脚,0.9376796316584258,0.6386108036717366,0.42723819613456726,-0.35345926880836487,-0.41974472999572754,27,343,317
2026-04-02 12:56:50.281,194481961,左脚+右脚,0.9519211035450607,0.6386288914146688,0.4272441565990448,-0.353588730096817,-0.41999533772468567,27,344,318
2026-04-02 12:56:50.342,194515295,左脚+右脚,0.9661677799105951,0.6387713250218907,0.42740029096603394,-0.3530401289463043,-0.4201062321662903,27,345,319
2026-04-02 12:56:50.372,194548629,左脚+右脚,0.9804074457764932,0.6386637897756282,0.42718997597694397,-0.35323891043663025,-0.4197666049003601,27,346,320
2026-04-02 12:56:50.401,194581963,左脚+右脚,0.9946489385247537,0.6387007006680312,0.42724478244781494,-0.3530125916004181,-0.4196951985359192,27,347,321
2026-04-02 12:56:50.432,194615297,左脚+右脚,0.008890988576442771,0.6385744021727644,0.42726150155067444,-0.35335013270378113,-0.41942039132118225,27,348,322
2026-04-02 12:56:50.461,194648631,左脚+右脚,0.023137195058694257,0.6386680276306239,0.42738619446754456,-0.3531045615673065,-0.41962963342666626,27,349,323
2026-04-02 12:56:50.491,194681965,左脚+右脚,0.03738498702449677,0.6387698000484286,0.4274337589740753,-0.35273122787475586,-0.4197304844856262,27,350,324
2026-04-02 12:56:50.521,194715299,左脚+右脚,0.05162720098895905,0.638661950414249,0.4272664189338684,-0.35299161076545715,-0.4194628894329071,27,351,325
2026-04-02 12:56:50.551,194748633,左脚+右脚,0.06587004378242371,0.6387703462317446,0.4272852838039398,-0.35264381766319275,-0.41962939500808716,27,352,326
2026-04-02 12:56:50.582,194781967,左脚+右脚,0.08011161401672241,0.6386451510292801,0.4272471070289612,-0.35296502709388733,-0.41934144496917725,27,353,327
2026-04-02 12:56:50.641,194815301,左脚+右脚,0.09435561016006348,0.6386418712887144,0.42731988430023193,-0.3529597222805023,-0.4193176031112671,27,354,328
2026-04-02 12:56:50.702,194848635,左脚+右脚,0.10860088184280274,0.6385825485747885,0.42735815048217773,-0.3529447615146637,-0.41898274421691895,27,355,329
2026-04-02 12:56:50.702,194881969,左脚+右脚,0.12284677341384766,0.6384817670880321,0.42737674713134766,-0.35334956645965576,-0.41892462968826294,27,356,330
2026-04-02 12:56:50.732,194915303,左脚+右脚,0.13709145004354992,0.6385723483408768,0.4273402988910675,-0.3532378375530243,-0.4192761182785034,27,357,331
2026-04-02 12:56:50.791,194948637,左脚+右脚,0.1513347825885125,0.6386646000824466,0.42729997634887695,-0.3528459370136261,-0.4193039536476135,27,358,332
2026-04-02 12:56:50.792,194981971,左脚+右脚,0.17270198677781304,0.6386282686966154,0.42734408378601074,-0.35268670320510864,-0.4189205765724182,27,359,333
2026-04-02 12:56:50.821,195015305,左脚+右脚,0.19406597082617957,0.638576180930899,0.42727968096733093,-0.35284683108329773,-0.4188324809074402,27,360,334
2026-04-02 12:56:50.852,195048639,左脚+右脚,0.2154336205601998,0.6386282066757857,0.42735299468040466,-0.35269227623939514,-0.418926864862442,27,361,335
2026-04-02 12:56:50.881,195081973,左脚+右脚,0.23679655705693442,0.6384441373472436,0.4272587299346924,-0.35320743918418884,-0.41855528950691223,27,362,336
2026-04-02 12:56:50.942,195115307,左脚+右脚,0.25815715854170995,0.6385393829798736,0.42721202969551086,-0.35295113921165466,-0.4187597632408142,27,363,337
2026-04-02 12:56:50.972,195148641,左脚+右脚,0.27951811020377354,0.638508940391824,0.427219033241272,-0.35318121314048767,-0.41887012124061584,27,364,338
2026-04-02 12:56:51.001,195181975,左脚+右脚,0.30087996934655387,0.6384507571829126,0.4272371828556061,-0.3533088266849518,-0.41871076822280884,27,365,339
2026-04-02 12:56:51.032,195215309,左脚+右脚,0.3222442439675637,0.6385024408543272,0.42728549242019653,-0.353153258562088,-0.41880226135253906,27,366,340
2026-04-02 12:56:51.061,195248643,左脚+右脚,0.3436078405857392,0.6386013596580282,0.42727193236351013,-0.3529522716999054,-0.41909217834472656,27,367,341
2026-04-02 12:56:51.091,195281977,左脚+右脚,0.36497052078250125,0.6386240703490556,0.4272536039352417,-0.3529360294342041,-0.4191942811012268,27,368,342
2026-04-02 12:56:51.121,195315311,左脚+右脚,0.3863285831094094,0.6385782908469042,0.42716124653816223,-0.3529151678085327,-0.41892486810684204,27,369,343
2026-04-02 12:56:51.152,195348645,左脚+右脚,0.407690621066124,0.6386467962999598,0.4272407591342926,-0.35306814312934875,-0.41947275400161743,27,370,344
2026-04-02 12:56:51.182,195381979,左脚+右脚,0.4290435678243943,0.6385471345906801,0.4270589351654053,-0.35336312651634216,-0.4192900061607361,27,371,345
2026-04-02 12:56:51.242,195415313,左脚+右脚,0.45039808963540273,0.638646196661534,0.42709043622016907,-0.3530590534210205,-0.4194587469100952,27,372,346
2026-04-02 12:56:51.272,195448647,左脚+右脚,0.471749276566536,0.6386021474343462,0.4270237386226654,-0.35314926505088806,-0.41933029890060425,27,373,347
2026-04-02 12:56:51.302,195481981,左脚+右脚,0.4931011802435227,0.6386086503874022,0.4270380735397339,-0.35324862599372864,-0.4194830656051636,27,374,348
2026-04-02 12:56:51.331,195515315,左脚+右脚,0.5144609651446648,0.6387498565013313,0.4271956980228424,-0.3529670536518097,-0.41990426182746887,27,375,349
2026-04-02 12:56:51.362,195548649,左脚+右脚,0.5358180112123795,0.6386134143462795,0.4271409213542938,-0.35306239128112793,-0.41928738355636597,27,376,350
2026-04-02 12:56:51.422,195581983,左脚+右脚,0.5571712440729447,0.6387460714653321,0.4270646572113037,-0.352802038192749,-0.4196876883506775,27,377,351
2026-04-02 12:56:51.422,195615317,左脚+右脚,0.5785247749567338,0.6387010098927552,0.42707061767578125,-0.3528427481651306,-0.4194949269294739,27,378,352
2026-04-02 12:56:51.452,195648651,左脚+右脚,0.5998775414109536,0.6386946613475762,0.42705532908439636,-0.35293126106262207,-0.41956618428230286,27,379,353
2026-04-02 12:56:51.481,195681985,左脚+右脚,0.6212319306016274,0.6386486858782917,0.42708778381347656,-0.35304006934165955,-0.41944950819015503,27,380,354
2026-04-02 12:56:51.542,195715319,左脚+右脚,0.6385704838772881,0.6385704838772881,0.4270004630088806,-0.3532814383506775,-0.41931790113449097,27,381,355
2026-04-02 12:56:51.571,195748653,左脚+右脚,0.6528065009455152,0.6387704338252083,0.42708051204681396,-0.35272371768951416,-0.4197249412536621,27,382,356
2026-04-02 12:56:51.602,195781987,左脚+右脚,0.6670410954495537,0.6385606979214046,0.4270378351211548,-0.35345545411109924,-0.4194720983505249,27,383,357
2026-04-02 12:56:51.632,195815321,左脚+右脚,0.6812769158224531,0.6385274886542156,0.4270746111869812,-0.35332629084587097,-0.4191412925720215,27,384,358
2026-04-02 12:56:51.662,195848655,左脚+右脚,0.6955112679342695,0.6386237315411589,0.4270305633544922,-0.353158563375473,-0.4194567799568176,27,385,359
2026-04-02 12:56:51.693,195881989,左脚+右脚,0.70974514618916,0.6385192784405431,0.42701634764671326,-0.3531947135925293,-0.41894134879112244,27,386,360
2026-04-02 12:56:51.752,195915323,左脚+右脚,0.7239774469077853,0.6385876405023789,0.4269690215587616,-0.35320907831192017,-0.41932374238967896,27,387,361
2026-04-02 12:56:51.753,195948657,左脚+右脚,0.738211449339019,0.6384580056390491,0.4270200729370117,-0.35342156887054443,-0.4188830852508545,27,388,362
2026-04-02 12:56:51.782,195981991,左脚+右脚,0.7524465097526976,0.6386472628134976,0.4270518124103546,-0.352826863527298,-0.41918858885765076,27,389,363
2026-04-02 12:56:51.842,196015325,左脚+右脚,0.7666795674503116,0.6386831455738761,0.426991730928421,-0.3530113101005554,-0.419599711894989,27,390,364
2026-04-02 12:56:51.872,196048659,左脚+右脚,0.7809142006973693,0.6386410764982627,0.4270389974117279,-0.35291749238967896,-0.41926318407058716,27,391,365
2026-04-02 12:56:51.931,196081993,左脚+右脚,0.7951505853275725,0.6387748159253647,0.4270915389060974,-0.3528572916984558,-0.4199073612689972,27,392,366
2026-04-02 12:56:51.932,196115327,左脚+右脚,0.8093851768513788,0.6386065885237626,0.4270377457141876,-0.3530357778072357,-0.4192192852497101,27,393,367
2026-04-02 12:56:51.961,196148661,左脚+右脚,0.823623346640693,0.6387869070004055,0.4271450936794281,-0.35288432240486145,-0.42000430822372437,27,394,368
2026-04-02 12:56:51.991,196181995,左脚+右脚,0.8378556821286945,0.6386547235530315,0.42697006464004517,-0.35321128368377686,-0.4196852445602417,27,395,369
2026-04-02 12:56:52.022,196215329,左脚+右脚,0.8520921631197402,0.6385667569884935,0.427094429731369,-0.3531343340873718,-0.4191233813762665,27,396,370
2026-04-02 12:56:52.051,196248663,左脚+右脚,0.8663310650527745,0.6387153792036502,0.42716705799102783,-0.3528430461883545,-0.4195721745491028,27,397,371
2026-04-02 12:56:52.082,196281997,左脚+右脚,0.8805706613799203,0.6387266683584584,0.42718788981437683,-0.35300230979919434,-0.41982200741767883,27,398,372
2026-04-02 12:56:52.144,196315331,左脚+右脚,0.894810391817517,0.6387086782076112,0.42719191312789917,-0.35270118713378906,-0.41936764121055603,27,399,373
2026-04-02 12:56:52.172,196348665,左脚+右脚,0.9090486202180653,0.6386560673186493,0.427146852016449,-0.352932870388031,-0.4193616211414337,27,400,374
2026-04-02 12:56:52.202,196381999,左脚+右脚,0.9232928110699127,0.6386149217317488,0.4273257255554199,-0.3529808223247528,-0.41919857263565063,27,401,375
2026-04-02 12:56:52.232,196415333,左脚+右脚,0.9375343971987833,0.6386284055382208,0.4272475838661194,-0.353062242269516,-0.41936737298965454,27,402,376
2026-04-02 12:56:52.264,196448667,左脚+右脚,0.9517771535655131,0.6386108447402441,0.4272826910018921,-0.3530217111110687,-0.4192253351211548,27,403,377
2026-04-02 12:56:52.292,196482001,左脚+右脚,0.9660222593486577,0.6387581132355209,0.427353173494339,-0.35260677337646484,-0.41951984167099,27,404,378
2026-04-02 12:56:52.322,196515335,左脚+右脚,0.9802640461464991,0.6387311816502641,0.4272536039352417,-0.35269540548324585,-0.41948115825653076,27,405,379
2026-04-02 12:56:52.352,196548669,左脚+右脚,0.9945134881675511,0.6388878000313272,0.4274832606315613,-0.3522683084011078,-0.4198111891746521,27,406,380
2026-04-02 12:56:52.442,196582003,左脚+右脚,0.00875760153336036,0.6388158667692805,0.4273234009742737,-0.35272693634033203,-0.41997212171554565,27,407,381
2026-04-02 12:56:52.442,196615337,左脚+右脚,0.02300213213168291,0.638847240455774,0.4273359179496765,-0.3525306284427643,-0.4199064373970032,27,408,382
2026-04-02 12:56:52.471,196648671,左脚+右脚,0.03725153143607286,0.6389756342357311,0.4274819791316986,-0.35212594270706177,-0.42011216282844543,27,409,383
2026-04-02 12:56:52.533,196682005,左脚+右脚,0.05149557327630826,0.6388165931227721,0.42732125520706177,-0.35258084535598755,-0.41980206966400146,27,410,384
2026-04-02 12:56:52.533,196715339,左脚+右脚,0.0657417529364696,0.6388780199482724,0.4273853898048401,-0.35274940729141235,-0.42033207416534424,27,411,385
2026-04-02 12:56:52.562,196748673,左脚+右脚,0.07998763457340706,0.6389233431769756,0.4273764491081238,-0.35250476002693176,-0.42028355598449707,27,412,386
2026-04-02 12:56:52.592,196782007,左脚+右脚,0.0942351245423427,0.6388982241944519,0.42742469906806946,-0.3522913157939911,-0.4198944568634033,27,413,387
2026-04-02 12:56:52.621,196815341,左脚+右脚,0.10847923393450884,0.6387930415230854,0.42732328176498413,-0.3527927100658417,-0.4199281334877014,27,414,388
2026-04-02 12:56:52.652,196848675,左脚+右脚,0.12272376453283139,0.6389053516863057,0.4273359179496765,-0.3526494801044464,-0.4203595817089081,27,415,389
2026-04-02 12:56:52.682,196882009,左脚+右脚,0.13697290157678432,0.6388865358846172,0.42747411131858826,-0.3527194559574127,-0.4203420579433441,27,416,390
2026-04-02 12:56:52.742,196915343,左脚+右脚,0.15121870771450507,0.6387833352160343,0.4273741841316223,-0.3528747856616974,-0.41997382044792175,27,417,391
2026-04-02 12:56:52.772,196948677,左脚+右脚,0.172594329569764,0.6389043941196731,0.42751243710517883,-0.35258790850639343,-0.4202810525894165,27,418,392
2026-04-02 12:56:52.802,196982011,左脚+右脚,0.19395988420052038,0.6388980135380844,0.42731109261512756,-0.3526453971862793,-0.42031535506248474,27,419,393
2026-04-02 12:56:52.831,197015345,左脚+右脚,0.21533047393364416,0.6388663513347111,0.4274117946624756,-0.3526266813278198,-0.42012327909469604,27,420,394
2026-04-02 12:56:52.892,197048679,左脚+右脚,0.23669976577562796,0.6389449855233045,0.4273858368396759,-0.3524743616580963,-0.4203633964061737,27,421,395
2026-04-02 12:56:52.892,197082013,左脚+右脚,0.25806074574989785,0.6388560598527485,0.42721959948539734,-0.3527581989765167,-0.42022478580474854,27,422,396
2026-04-02 12:56:52.921,197115347,左脚+右脚,0.2794302178959321,0.6388632793138159,0.4273894429206848,-0.3526661694049835,-0.4201538562774658,27,423,397
2026-04-02 12:56:52.951,197148681,左脚+右脚,0.300796003494687,0.6387127181117169,0.42731571197509766,-0.35297495126724243,-0.4197147786617279,27,424,398
2026-04-02 12:56:52.981,197182015,左脚+右脚,0.32216315702003945,0.6389519247011965,0.42734307050704956,-0.35248810052871704,-0.42041701078414917,27,425,399
2026-04-02 12:56:53.042,197215349,左脚+右脚,0.34353128061098565,0.6387983317555749,0.42736247181892395,-0.3525790274143219,-0.41970211267471313,27,426,400
2026-04-02 12:56:53.071,197248683,左脚+右脚,0.36490024313730707,0.6389061113489609,0.4273792505264282,-0.35252007842063904,-0.4202094078063965,27,427,401
2026-04-02 12:56:53.101,197282017,左脚+右脚,0.38626641914648524,0.6389053537126117,0.42732352018356323,-0.3526739478111267,-0.42038875818252563,27,428,402
2026-04-02 12:56:53.132,197315351,左脚+右脚,0.4076287432054948,0.6387957917801997,0.42724648118019104,-0.3529506325721741,-0.4201308488845825,27,429,403
2026-04-02 12:56:53.162,197348685,左脚+右脚,0.42899608746571055,0.6388563795712384,0.4273468852043152,-0.3527347445487976,-0.42019855976104736,27,430,404
2026-04-02 12:56:53.192,197382019,左脚+右脚,0.4503513498644303,0.6386842169398661,0.42710524797439575,-0.35331156849861145,-0.4199623465538025,27,431,405
2026-04-02 12:56:53.221,197415353,左脚+右脚,0.4717080189327668,0.6385006249972391,0.42713338136672974,-0.3537754416465759,-0.41953039169311523,27,432,406
2026-04-02 12:56:53.252,197448687,左脚+右脚,0.4930700613598298,0.6385373855468016,0.42724084854125977,-0.35362574458122253,-0.41954946517944336,27,433,407
2026-04-02 12:56:53.282,197482021,左脚+右脚,0.514430259023137,0.6387038289481373,0.4272039532661438,-0.35328516364097595,-0.4200360178947449,27,434,408
2026-04-02 12:56:53.342,197515355,左脚+右脚,0.5357887370924425,0.6386636218464669,0.4271695613861084,-0.35336774587631226,-0.41991880536079407,27,435,409
2026-04-02 12:56:53.372,197548689,左脚+右脚,0.5571503295044374,0.6387368484151097,0.4272318482398987,-0.35305699706077576,-0.41994157433509827,27,436,410
2026-04-02 12:56:53.402,197582023,左脚+右脚,0.5785113616327715,0.6386635244301408,0.4272206425666809,-0.3532918691635132,-0.4198281168937683,27,437,411
2026-04-02 12:56:53.431,197615357,左脚+右脚,0.5998705489973497,0.6385377153220863,0.42718374729156494,-0.35356688499450684,-0.41948139667510986,27,438,412
2026-04-02 12:56:53.462,197648691,左脚+右脚,0.6212305618862581,0.6386789949241872,0.4272002577781677,-0.3532632887363434,-0.41987699270248413,27,439,413
2026-04-02 12:56:53.492,197682025,左脚+右脚,0.6387002139977028,0.6387002139977028,0.427191823720932,-0.35337033867836,-0.42011791467666626,27,440,414
2026-04-02 12:56:53.522,197715359,左脚+右脚,0.6529380629153461,0.6386250682342229,0.4271354675292969,-0.35357779264450073,-0.4199618697166443,27,441,415
2026-04-02 12:56:53.552,197748693,左脚+右脚,0.6671783933730334,0.6386981067418318,0.42720991373062134,-0.3532085716724396,-0.4199143052101135,27,442,416
2026-04-02 12:56:53.581,197782027,左脚+右脚,0.6814184575966408,0.6386493464589184,0.42720192670822144,-0.353431761264801,-0.419918417930603,27,443,417
2026-04-02 12:56:53.642,197815361,左脚+右脚,0.6956592519771466,0.638553394327519,0.4272238314151764,-0.35353875160217285,-0.4195318818092346,27,444,418
2026-04-02 12:56:53.672,197848695,左脚+右脚,0.7099013258706937,0.6387016751709048,0.42726221680641174,-0.35316482186317444,-0.4198814034461975,27,445,419
2026-04-02 12:56:53.702,197882029,左脚+右脚,0.7241395622185279,0.6385773387121731,0.4271470904350281,-0.353467732667923,-0.41957569122314453,27,446,420
2026-04-02 12:56:53.762,197915363,左脚+右脚,0.7383786081961204,0.6385192494671716,0.42717137932777405,-0.35377734899520874,-0.41963228583335876,27,447,421
2026-04-02 12:56:53.763,197948697,左脚+右脚,0.7526155878793607,0.6385762571933306,0.42710939049720764,-0.3536408245563507,-0.4197753667831421,27,448,422
2026-04-02 12:56:53.791,197982031,左脚+右脚,0.7668508509488314,0.6384523864709168,0.4270578920841217,-0.3539324700832367,-0.4194585680961609,27,449,423
2026-04-02 12:56:53.822,198015365,左脚+右脚,0.7810870607387433,0.638564598306053,0.4270862936973572,-0.3535632789134979,-0.41962093114852905,27,450,424
2026-04-02 12:56:53.851,198048699,左脚+右脚,0.7953260520787447,0.6385493353348151,0.4271697402000427,-0.35354331135749817,-0.41951557993888855,27,451,425
2026-04-02 12:56:53.881,198082033,左脚+右脚,0.8095648010265241,0.6387938881496664,0.4271624684333801,-0.35313406586647034,-0.4203389883041382,27,452,426
2026-04-02 12:56:53.942,198115367,左脚+右脚,0.8238011508873512,0.6386772213474515,0.42709049582481384,-0.3535626232624054,-0.42022326588630676,27,453,427
2026-04-02 12:56:53.971,198148701,左脚+右脚,0.8380408326478213,0.638658783747539,0.4271904528141022,-0.35344696044921875,-0.4199870228767395,27,454,428
2026-04-02 12:56:54.001,198182035,左脚+右脚,0.8522792656909833,0.63853460345961,0.42715299129486084,-0.3537124693393707,-0.4196374714374542,27,455,429
2026-04-02 12:56:54.031,198215369,左脚+右脚,0.8665173897834033,0.6386164124366365,0.42714372277259827,-0.353681743144989,-0.42003896832466125,27,456,430
2026-04-02 12:56:54.061,198248703,左脚+右脚,0.8807572076411456,0.6386879558190784,0.4271945357322693,-0.35344138741493225,-0.4201366901397705,27,457,431
2026-04-02 12:56:54.091,198282037,左脚+右脚,0.8949954946529279,0.6385670872900022,0.42714861035346985,-0.3537886440753937,-0.4199017286300659,27,458,432
2026-04-02 12:56:54.152,198315371,左脚+右脚,0.9092334250302524,0.6385587433165645,0.42713791131973267,-0.35371044278144836,-0.4197642505168915,27,459,433
2026-04-02 12:56:54.182,198348705,左脚+右脚,0.9234757701249332,0.6385939125459841,0.4272703528404236,-0.35362085700035095,-0.41984617710113525,27,460,434
2026-04-02 12:56:54.182,198382039,左脚+右脚,0.9377136915615609,0.6385971703306297,0.4271376430988312,-0.3534291088581085,-0.41963595151901245,27,461,435
2026-04-02 12:56:54.242,198415373,左脚+右脚,0.9519538253239206,0.6387036455271606,0.4272040128707886,-0.3533790111541748,-0.4201466143131256,27,462,436
2026-04-02 12:56:54.272,198448707,左脚+右脚,0.966192479897679,0.6385813290956597,0.4271596372127533,-0.35355910658836365,-0.41970551013946533,27,463,437
2026-04-02 12:56:54.303,198482041,左脚+右脚,0.9804308652571252,0.6386044336582821,0.42715156078338623,-0.3535497486591339,-0.41981807351112366,27,464,438
2026-04-02 12:56:54.333,198515375,左脚+右脚,0.994669369825861,0.6386506879316255,0.42715513706207275,-0.35347262024879456,-0.419974148273468,27,465,439
2026-04-02 12:56:54.363,198548709,左脚+右脚,0.008907870420953756,0.6387077882931571,0.4271550178527832,-0.35326075553894043,-0.4200282096862793,27,466,440
2026-04-02 12:56:54.392,198582043,左脚+右脚,0.02314942575409127,0.6387472265500604,0.42724665999412537,-0.3531370759010315,-0.4200924336910248,27,467,441
2026-04-02 12:56:54.422,198615377,左脚+右脚,0.037391446003458034,0.6387444444228014,0.4272606074810028,-0.35303303599357605,-0.41995376348495483,27,468,442
2026-04-02 12:56:54.452,198648711,左脚+右脚,0.05163157181853168,0.6386637044193795,0.4272037744522095,-0.3531169593334198,-0.41962122917175293,27,469,443
2026-04-02 12:56:54.482,198682045,左脚+右脚,0.06587046580427997,0.6385826396602174,0.42716681957244873,-0.3533916473388672,-0.4195137321949005,27,470,444
2026-04-02 12:56:54.541,198715379,左脚+右脚,0.08011068499996377,0.6385308306109332,0.4272065758705139,-0.35341277718544006,-0.41926175355911255,27,471,445
2026-04-02 12:56:54.572,198748713,左脚+右脚,0.09434796866689238,0.6387324722911004,0.4271185100078583,-0.35299035906791687,-0.41983887553215027,27,472,446
2026-04-02 12:56:54.604,198782047,左脚+右脚,0.10858519173576547,0.6385200385351972,0.4271166920661926,-0.35339030623435974,-0.41917741298675537,27,473,447
2026-04-02 12:56:54.632,198815381,左脚+右脚,0.12282726960295552,0.6386345641320559,0.4272623360157013,-0.3532051146030426,-0.41957002878189087,27,474,448
2026-04-02 12:56:54.661,198848715,左脚+右脚,0.13706629968597606,0.6386455133788025,0.42717090249061584,-0.35340335965156555,-0.41986414790153503,27,475,449
2026-04-02 12:56:54.691,198882049,左脚+右脚,0.15130455391520375,0.6386129757239971,0.42714762687683105,-0.3533742427825928,-0.41965538263320923,27,476,450
2026-04-02 12:56:54.721,198915383,左脚+右脚,0.172665064502896,0.6385878181112976,0.4272102117538452,-0.35345110297203064,-0.41961202025413513,27,477,451
2026-04-02 12:56:54.751,198948717,左脚+右脚,0.19403185145968313,0.6387366835444886,0.4273357391357422,-0.35294681787490845,-0.41980963945388794,27,478,452
2026-04-02 12:56:54.782,198982051,左脚+右脚,0.21539382981175298,0.6387360660957104,0.4272395670413971,-0.35312914848327637,-0.42002320289611816,27,479,453
2026-04-02 12:56:54.842,199015385,左脚+右脚,0.23675331221932286,0.6386604517207972,0.4271896481513977,-0.35321542620658875,-0.4197208285331726,27,480,454
2026-04-02 12:56:54.902,199048719,左脚+右脚,0.25810995893591754,0.6387082092489587,0.4271329343318939,-0.35300931334495544,-0.4197314977645874,27,481,455
2026-04-02 12:56:54.903,199082053,左脚+右脚,0.279469623137654,0.638719074980245,0.427193284034729,-0.3529864549636841,-0.4197624921798706,27,482,456
2026-04-02 12:56:54.931,199115387,左脚+右脚,0.3008280863057982,0.638680915378659,0.4271692633628845,-0.3532504737377167,-0.4198720455169678,27,483,457
2026-04-02 12:56:54.962,199148721,左脚+右脚,0.3221893389713179,0.6386811751902892,0.4272250533103943,-0.3530760705471039,-0.4196661412715912,27,484,458
2026-04-02 12:56:54.992,199182055,左脚+右脚,0.3435424317609679,0.6386186216524289,0.42706185579299927,-0.35335853695869446,-0.41966694593429565,27,485,459
2026-04-02 12:56:55.022,199215389,左脚+右脚,0.3648994271647345,0.6387764648875143,0.42713990807533264,-0.35291415452957153,-0.4199838638305664,27,486,460
2026-04-02 12:56:55.056,199248723,左脚+右脚,0.3862496619116675,0.6386741944617749,0.42700469493865967,-0.3532131016254425,-0.41979163885116577,27,487,461
2026-04-02 12:56:55.084,199282057,左脚+右脚,0.4076029201042067,0.638622707471055,0.4270651638507843,-0.3532279133796692,-0.4195336699485779,27,488,462
2026-04-02 12:56:55.141,199315391,左脚+右脚,0.4289565389048468,0.6387581352134051,0.4270723760128021,-0.3530568778514862,-0.42005547881126404,27,489,463
2026-04-02 12:56:55.171,199348725,左脚+右脚,0.4503114183437239,0.6386582697226697,0.4270975887775421,-0.3528558909893036,-0.419281929731369,27,490,464
2026-04-02 12:56:55.202,199382059,左脚+右脚,0.47166701750868667,0.6386712209912122,0.42711198329925537,-0.3528694808483124,-0.41936734318733215,27,491,465
2026-04-02 12:56:55.231,199415393,左脚+右脚,0.4930193637501608,0.6387344159846886,0.42704692482948303,-0.35259726643562317,-0.4193817377090454,27,492,466
2026-04-02 12:56:55.261,199448727,左脚+右脚,0.5143754159104239,0.6386245555358212,0.42712104320526123,-0.352862685918808,-0.4191097617149353,27,493,467
2026-04-02 12:56:55.291,199482061,左脚+右脚,0.5357306857597243,0.6387267810293267,0.4271053969860077,-0.3525760769844055,-0.4193156957626343,27,494,468
2026-04-02 12:56:55.322,199515395,左脚+右脚,0.557086271513642,0.6387274878153287,0.4271117150783539,-0.35249486565589905,-0.419222891330719,27,495,469
2026-04-02 12:56:55.351,199548729,左脚+右脚,0.5784419094216239,0.6388020020506677,0.42711275815963745,-0.35252121090888977,-0.41965293884277344,27,496,470
2026-04-02 12:56:55.411,199582063,左脚+右脚,0.5997956206094633,0.6388271619865102,0.42707422375679016,-0.35234180092811584,-0.4195740222930908,27,497,471
2026-04-02 12:56:55.442,199615397,左脚+右脚,0.6211539794694793,0.6388775857388392,0.4271671772003174,-0.3522461950778961,-0.41973012685775757,27,498,472
2026-04-02 12:56:55.471,199648731,左脚+右脚,0.6388124008549194,0.6388124008549194,0.42701804637908936,-0.35248395800590515,-0.41966426372528076,27,499,473
2026-04-02 12:56:55.501,199682065,左脚+右脚,0.6530475755108337,0.6387238027158078,0.4270552396774292,-0.3524748980998993,-0.41917943954467773,27,500,474
2026-04-02 12:56:55.531,199715399,左脚+右脚,0.6672859419954758,0.63883157929841,0.42715099453926086,-0.3524191677570343,-0.419689804315567,27,501,475
2026-04-02 12:56:55.562,199748733,左脚+右脚,0.6815221646997274,0.6387998159790131,0.4270866811275482,-0.3524482250213623,-0.41955435276031494,27,502,476
2026-04-02 12:56:55.592,199782067,左脚+右脚,0.6957619944783986,0.6388174884439463,0.42719489336013794,-0.3523595333099365,-0.4195433557033539,27,503,477
2026-04-02 12:56:55.622,199815401,左脚+右脚,0.7099969436300735,0.6387598408503483,0.4270484745502472,-0.3525899350643158,-0.41950905323028564,27,504,478
2026-04-02 12:56:55.652,199848735,左脚+右脚,0.7242342809411824,0.6386998689231743,0.4271201193332672,-0.35260510444641113,-0.41920629143714905,27,505,479
2026-04-02 12:56:55.682,199882069,左脚+右脚,0.7384720017088393,0.6388702082770201,0.42713162302970886,-0.3522891104221344,-0.41974174976348877,27,506,480
2026-04-02 12:56:55.742,199915403,左脚+右脚,0.7527057716819584,0.6387740100493754,0.427013099193573,-0.3526000380516052,-0.41959691047668457,27,507,481
2026-04-02 12:56:55.772,199948737,左脚+右脚,0.7669425497028172,0.6387304571641308,0.42710334062576294,-0.3525262176990509,-0.41927605867385864,27,508,482
2026-04-02 12:56:55.801,199982071,左脚+右脚,0.7811778356207351,0.638549836735542,0.4270585775375366,-0.3530300259590149,-0.4189091920852661,27,509,483
2026-04-02 12:56:55.832,200015405,左脚+右脚,0.7954115221473514,0.6386084228418047,0.42701059579849243,-0.35288333892822266,-0.4190480709075928,27,510,484
2026-04-02 12:56:55.861,200048739,左脚+右脚,0.8096466828955153,0.6385761906656544,0.42705482244491577,-0.3528389036655426,-0.41882312297821045,27,511,485
2026-04-02 12:56:55.891,200082073,左脚+右脚,0.82388270989785,0.6387909707317804,0.42708081007003784,-0.3526511490345001,-0.41974854469299316,27,512,486
2026-04-02 12:56:55.921,200115407,左脚+右脚,0.8381181021107177,0.6388006948449849,0.4270617663860321,-0.3525111675262451,-0.41963398456573486,27,513,487
2026-04-02 12:56:55.951,200148741,左脚+右脚,0.8523515402846475,0.6387042119625763,0.4270031452178955,-0.35283440351486206,-0.4195021390914917,27,514,488
2026-04-02 12:56:56.013,200182075,左脚+右脚,0.8665859559747517,0.6387109107567479,0.427032470703125,-0.35286155343055725,-0.41957026720046997,27,515,489
2026-04-02 12:56:56.042,200215409,左脚+右脚,0.8808196464750111,0.6388118296998808,0.427010715007782,-0.3527351915836334,-0.4199603199958801,27,516,490
2026-04-02 12:56:56.072,200248743,左脚+右脚,0.8950546204619546,0.6387436674737657,0.4270492196083069,-0.35278424620628357,-0.41965365409851074,27,517,491
2026-04-02 12:56:56.102,200282077,左脚+右脚,0.9092906385235925,0.638881465646514,0.42708054184913635,-0.35255733132362366,-0.4201216697692871,27,518,492
2026-04-02 12:56:56.133,200315411,左脚+右脚,0.9235246230734327,0.6387527453795934,0.42701953649520874,-0.3529561758041382,-0.4199067950248718,27,519,493
2026-04-02 12:56:56.162,200348745,左脚+右脚,0.937760017273122,0.638766625193403,0.4270618259906769,-0.3528893291950226,-0.41990160942077637,27,520,494
2026-04-02 12:56:56.192,200382079,左脚+右脚,0.9519957452588219,0.6386747243891793,0.42707183957099915,-0.35266050696372986,-0.41913771629333496,27,521,495
2026-04-02 12:56:56.221,200415413,左脚+右脚,0.9662340799543201,0.6388226787112923,0.42715004086494446,-0.3524755835533142,-0.41970932483673096,27,522,496
2026-04-02 12:56:56.251,200448747,左脚+右脚,0.9804715334944863,0.6389147447649677,0.4271236062049866,-0.3524208962917328,-0.4201374650001526,27,523,497
2026-04-02 12:56:56.281,200482081,左脚+右脚,0.9947097549411594,0.6387867040051489,0.42714664340019226,-0.3527635931968689,-0.41985952854156494,27,524,498
2026-04-02 12:56:56.342,200515415,左脚+右脚,0.008944434878522145,0.6387357230872974,0.4270403981208801,-0.35314813256263733,-0.4200439453125,27,525,499
2026-04-02 12:56:56.371,200548749,左脚+右脚,0.023179624435597644,0.6388351881813589,0.427055686712265,-0.35268038511276245,-0.4200202226638794,27,526,500
2026-04-02 12:56:56.402,200582083,左脚+右脚,0.03741950090457398,0.6387435890139745,0.42719629406929016,-0.3527965247631073,-0.4196678400039673,27,527,501
2026-04-02 12:56:56.432,200615417,左脚+右脚,0.05165712332456706,0.6388493002315389,0.4271286725997925,-0.35267308354377747,-0.42008715867996216,27,528,502
2026-04-02 12:56:56.462,200648751,左脚+右脚,0.0658925284517745,0.6388414067036423,0.42706215381622314,-0.35277488827705383,-0.42016610503196716,27,529,503
2026-04-02 12:56:56.491,200682085,左脚+右脚,0.08012926474938192,0.63897893157399,0.42710208892822266,-0.35248932242393494,-0.42056339979171753,27,530,504
2026-04-02 12:56:56.522,200715419,左脚+右脚,0.09436385428636668,0.638701782870088,0.42703768610954285,-0.35312438011169434,-0.4198338985443115,27,531,505
2026-04-02 12:56:56.552,200748753,左脚+右脚,0.10860147372612752,0.6387525492308991,0.4271285831928253,-0.35298952460289,-0.4199454188346863,27,532,506
2026-04-02 12:56:56.612,200782087,左脚+右脚,0.12284081375330089,0.6387929110777653,0.4271802008152008,-0.3529147803783417,-0.4200727343559265,27,533,507
2026-04-02 12:56:56.642,200815421,左脚+右脚,0.13708407973974346,0.6389120228628966,0.427297979593277,-0.3524493873119354,-0.4201568365097046,27,534,508
2026-04-02 12:56:56.672,200848755,左脚+右脚,0.15132468338538604,0.6388395986552613,0.42721810936927795,-0.35295435786247253,-0.4203701615333557,27,535,509
2026-04-02 12:56:56.702,200882089,左脚+右脚,0.17268555607129532,0.6389108523808393,0.4272174537181854,-0.352851003408432,-0.4206293225288391,27,536,510
2026-04-02 12:56:56.733,200915423,左脚+右脚,0.19404572691251237,0.6389806472226528,0.4272034168243408,-0.3529261350631714,-0.42109379172325134,27,537,511
2026-04-02 12:56:56.761,200948757,左脚+右脚,0.2154069184832712,0.6389229282924908,0.4272238314151764,-0.35278061032295227,-0.4206102192401886,27,538,512
2026-04-02 12:56:56.792,200982091,左脚+右脚,0.23677247013379535,0.6387993391054225,0.4273110330104828,-0.3530672490596771,-0.42028868198394775,27,539,513
2026-04-02 12:56:56.822,201015425,左脚+右脚,0.25814129556943377,0.6389266522277127,0.42737650871276855,-0.3527538478374481,-0.4205982983112335,27,540,514
2026-04-02 12:56:56.851,201048759,左脚+右脚,0.27950516785909135,0.6388703761262566,0.42727744579315186,-0.3530137836933136,-0.4206060767173767,27,541,515
2026-04-02 12:56:56.882,201082093,左脚+右脚,0.30087168808509307,0.638877201088588,0.4273304045200348,-0.35305872559547424,-0.4206962585449219,27,542,516
2026-04-02 12:56:56.942,201115427,左脚+右脚,0.3222326784901758,0.6388386448075911,0.42721980810165405,-0.35298988223075867,-0.42040735483169556,27,543,517
2026-04-02 12:56:56.973,201148761,左脚+右脚,0.34359855349589785,0.6389767010963683,0.4273175001144409,-0.35255610942840576,-0.4206311106681824,27,544,518
2026-04-02 12:56:57.002,201182095,左脚+右脚,0.3649609878235002,0.6389388755791343,0.42724868655204773,-0.35254770517349243,-0.4204180836677551,27,545,519
2026-04-02 12:56:57.032,201215429,左脚+右脚,0.38632187094022236,0.6388794200099626,0.42721766233444214,-0.3527578115463257,-0.4203495979309082,27,546,520
2026-04-02 12:56:57.062,201248763,左脚+右脚,0.40768161560822924,0.6390146795827905,0.42719489336013794,-0.3523675799369812,-0.4206100106239319,27,547,521
2026-04-02 12:56:57.092,201282097,左脚+右脚,0.42903998340894184,0.6389770375215101,0.4271673560142517,-0.3528521955013275,-0.4209861755371094,27,548,522
2026-04-02 12:56:57.152,201315431,左脚+右脚,0.4503986417822977,0.638825983859703,0.4271731674671173,-0.35323816537857056,-0.4206351041793823,27,549,523
2026-04-02 12:56:57.152,201348765,左脚+右脚,0.47175637777377566,0.6389223762859533,0.4271547198295593,-0.3530917763710022,-0.42097824811935425,27,550,524
2026-04-02 12:56:57.182,201382099,左脚+右脚,0.4931200608186861,0.6390750717421039,0.4272736608982086,-0.35268017649650574,-0.4213078022003174,27,551,525
2026-04-02 12:56:57.243,201415433,左脚+右脚,0.5144838198595186,0.6390979085159724,0.4272751808166504,-0.3526324927806854,-0.4213736653327942,27,552,526
2026-04-02 12:56:57.271,201448767,左脚+右脚,0.5358457549982211,0.6390367122008052,0.42723870277404785,-0.3528258800506592,-0.4212755262851715,27,553,527
2026-04-02 12:56:57.302,201482101,左脚+右脚,0.5572074994020602,0.6390427721495064,0.4272348880767822,-0.3526495397090912,-0.4210975468158722,27,554,528
2026-04-02 12:56:57.331,201515435,左脚+右脚,0.5785705253057619,0.639089604086087,0.42726051807403564,-0.3527228832244873,-0.42143699526786804,27,555,529
2026-04-02 12:56:57.361,201548769,左脚+右脚,0.5999354958109995,0.6390274476199334,0.4272994101047516,-0.3525455594062805,-0.42089104652404785,27,556,530
2026-04-02 12:56:57.392,201582103,左脚+右脚,0.6212957202963968,0.6390339625909527,0.4272044897079468,-0.35259926319122314,-0.4209901690483093,27,557,531
2026-04-02 12:56:57.421,201615437,左脚+右脚,0.6390101771167531,0.6390101771167531,0.42731502652168274,-0.35276874899864197,-0.42106467485427856,27,558,532
2026-04-02 12:56:57.453,201648771,左脚+右脚,0.6532555133711909,0.6391340890014825,0.42736008763313293,-0.35255300998687744,-0.42147332429885864,27,559,533
2026-04-02 12:56:57.482,201682105,左脚+右脚,0.6674993495754018,0.6391411222409877,0.4273150861263275,-0.35250410437583923,-0.42145270109176636,27,560,534
2026-04-02 12:56:57.542,201715439,左脚+右脚,0.6817414959879333,0.639162394085379,0.42726439237594604,-0.35229429602622986,-0.4213162660598755,27,561,535
2026-04-02 12:56:57.571,201748773,左脚+右脚,0.6959866891912236,0.6392234669431218,0.4273557960987091,-0.35222649574279785,-0.4215638041496277,27,562,536
2026-04-02 12:56:57.601,201782107,左脚+右脚,0.710228816728951,0.6392041571283031,0.4272638261318207,-0.35236606001853943,-0.42162686586380005,27,563,537
2026-04-02 12:56:57.631,201815441,左脚+右脚,0.7244686484944437,0.6391316822744513,0.4271949529647827,-0.3525494337081909,-0.42145609855651855,27,564,538
2026-04-02 12:56:57.664,201848775,左脚+右脚,0.7387101760120803,0.638997906557119,0.4272458255290985,-0.3527407944202423,-0.42096537351608276,27,565,539
2026-04-02 12:56:57.692,201882109,左脚+右脚,0.7529519826781367,0.6389510717460413,0.42725419998168945,-0.35287854075431824,-0.4208781123161316,27,566,540
2026-04-02 12:56:57.721,201915443,左脚+右脚,0.7671971272043004,0.6390320530677511,0.4273543357849121,-0.3526901304721832,-0.42108839750289917,27,567,541
2026-04-02 12:56:57.752,201948777,左脚+右脚,0.7814404955120499,0.6389844857844962,0.4273010492324829,-0.352975457906723,-0.4211732745170593,27,568,542
2026-04-02 12:56:57.782,201982111,左脚+右脚,0.7956837893139933,0.6390527315762764,0.42729881405830383,-0.3526071310043335,-0.4211004376411438,27,569,543
2026-04-02 12:56:57.841,202015445,左脚+右脚,0.8099295110118007,0.6390914689712397,0.42737165093421936,-0.35257425904273987,-0.4212694466114044,27,570,544
2026-04-02 12:56:57.871,202048779,左脚+右脚,0.82417487607515,0.6391510103372446,0.4273609519004822,-0.35236427187919617,-0.4213387072086334,27,571,545
2026-04-02 12:56:57.931,202082113,左脚+右脚,0.8384184510123347,0.6390625965266663,0.42730724811553955,-0.3525402247905731,-0.4210735559463501,27,572,546
2026-04-02 12:56:57.932,202115447,左脚+右脚,0.8526642372818405,0.639200179220099,0.42737358808517456,-0.35246822237968445,-0.4217276871204376,27,573,547
2026-04-02 12:56:57.961,202148781,左脚+右脚,0.8669115305554483,0.6391937618154236,0.4274187982082367,-0.35236117243766785,-0.42156505584716797,27,574,548
2026-04-02 12:56:57.992,202182115,左脚+右脚,0.8811569989335154,0.6392190381636143,0.4273640513420105,-0.3525737524032593,-0.42195555567741394,27,575,549
2026-04-02 12:56:58.021,202215449,左脚+右脚,0.8954050601136302,0.6391540946434522,0.4274418354034424,-0.35270267724990845,-0.4217599630355835,27,576,550
2026-04-02 12:56:58.052,202248783,左脚+右脚,0.909650916915299,0.6391674781466157,0.4273757040500641,-0.35249778628349304,-0.4215869903564453,27,577,551
2026-04-02 12:56:58.081,202282117,左脚+右脚,0.9239001016429678,0.6391844165037439,0.42747554183006287,-0.3524627387523651,-0.4216362535953522,27,578,552
2026-04-02 12:56:58.141,202315451,左脚+右脚,0.9381483128281052,0.6391776974043261,0.4274463355541229,-0.352305144071579,-0.42141157388687134,27,579,553
2026-04-02 12:56:58.171,202348785,左脚+右脚,0.9523927291841919,0.6391023917490077,0.42733249068260193,-0.35234758257865906,-0.4210573136806488,27,580,554
2026-04-02 12:56:58.201,202382119,左脚+右脚,0.9666377207251008,0.6391685797170419,0.4273497462272644,-0.35237038135528564,-0.4214405417442322,27,581,555
2026-04-02 12:56:58.232,202415453,左脚+右脚,0.9808837632945792,0.6392032296783454,0.4273812770843506,-0.3523044288158417,-0.42154812812805176,27,582,556
2026-04-02 12:56:58.261,202448787,左脚+右脚,0.9951294681044038,0.6390779847691588,0.42737114429473877,-0.35250750184059143,-0.4211171865463257,27,583,557
2026-04-02 12:56:58.291,202482121,左脚+右脚,0.009375311991733026,0.6391043530505032,0.42737531661987305,-0.3523233234882355,-0.4210388660430908,27,584,558
2026-04-02 12:56:58.321,202515455,左脚+右脚,0.02362465069806746,0.639257879663996,0.42748016119003296,-0.3520523011684418,-0.4215405285358429,27,585,559
2026-04-02 12:56:58.351,202548789,左脚+右脚,0.037871366800031774,0.6390087870787995,0.42740148305892944,-0.3525985777378082,-0.4208540916442871,27,586,560
2026-04-02 12:56:58.381,202582123,左脚+右脚,0.0521194061251101,0.6390925145152251,0.42744117975234985,-0.35239627957344055,-0.4210624098777771,27,587,561
2026-04-02 12:56:58.441,202615457,左脚+右脚,0.06636391387498548,0.6390934948668813,0.4273352324962616,-0.35250213742256165,-0.4211941659450531,27,588,562
2026-04-02 12:56:58.471,202648791,左脚+右脚,0.08061042831456831,0.639129534492207,0.42739543318748474,-0.3523804247379303,-0.42124250531196594,27,589,563
2026-04-02 12:56:58.501,202682125,左脚+右脚,0.09485836233810754,0.6391337154174233,0.42743802070617676,-0.35223856568336487,-0.4210954010486603,27,590,564
2026-04-02 12:56:58.531,202715459,左脚+右脚,0.10910559104001692,0.6390612633885283,0.4274168610572815,-0.3524424731731415,-0.42094963788986206,27,591,565
2026-04-02 12:56:58.561,202748793,左脚+右脚,0.12335235283887556,0.6390128489793713,0.4274028539657593,-0.3523733913898468,-0.4206071197986603,27,592,566
2026-04-02 12:56:58.591,202782127,左脚+右脚,0.1376010597359754,0.6391610027975914,0.4274612069129944,-0.3521058261394501,-0.42108339071273804,27,593,567
2026-04-02 12:56:58.621,202815461,左脚+右脚,0.15184939013040238,0.6390461300940101,0.42744991183280945,-0.35246139764785767,-0.4208909273147583,27,594,568
2026-04-02 12:56:58.651,202848795,左脚+右脚,0.17321629033601457,0.6389518833550387,0.42733800411224365,-0.3525378108024597,-0.4204760789871216,27,595,569
2026-04-02 12:56:58.682,202882129,左脚+右脚,0.19458983347928696,0.6390220164296605,0.427470862865448,-0.35225704312324524,-0.4205174446105957,27,596,570
2026-04-02 12:56:58.741,202915463,左脚+右脚,0.21595837877309496,0.6390483737184145,0.42737090587615967,-0.352316290140152,-0.42072969675064087,27,597,571
2026-04-02 12:56:58.771,202948797,左脚+右脚,0.23731881634509738,0.6390876039747732,0.4272087514400482,-0.35240280628204346,-0.4210438132286072,27,598,572
2026-04-02 12:56:58.832,202982131,左脚+右脚,0.25868687139070207,0.6390934106636876,0.4273611009120941,-0.35229310393333435,-0.420943945646286,27,599,573
2026-04-02 12:56:58.833,203015465,左脚+右脚,0.2800514708570259,0.6390199379349011,0.42729198932647705,-0.3524947464466095,-0.42079004645347595,27,600,574
2026-04-02 12:56:58.862,203048799,左脚+右脚,0.3014162565878647,0.638934979009097,0.4272957146167755,-0.3526035249233246,-0.4204637408256531,27,601,575
2026-04-02 12:56:58.891,203082133,左脚+右脚,0.3227773244789856,0.6389835353443092,0.4272213578224182,-0.35268720984458923,-0.42082422971725464,27,602,576
2026-04-02 12:56:58.921,203115467,左脚+右脚,0.34413821951663665,0.63900704063289,0.42721790075302124,-0.3526356518268585,-0.4208889603614807,27,603,577
2026-04-02 12:56:58.951,203148801,左脚+右脚,0.36550403491771394,0.6388954819518261,0.4273163080215454,-0.35272517800331116,-0.4203968644142151,27,604,578
2026-04-02 12:56:58.981,203182135,左脚+右脚,0.3868704165629166,0.6390254474905568,0.42732763290405273,-0.3522645831108093,-0.4205448627471924,27,605,579
2026-04-02 12:56:59.042,203215469,左脚+右脚,0.4082288469485062,0.6390055210504457,0.427168607711792,-0.3524278998374939,-0.42063283920288086,27,606,580
2026-04-02 12:56:59.071,203248803,左脚+右脚,0.4295905287674683,0.6391327684741334,0.42723363637924194,-0.3523239195346832,-0.42119234800338745,27,607,581
2026-04-02 12:56:59.102,203282137,左脚+右脚,0.45095784620559387,0.6390955529851003,0.4273463487625122,-0.3523860275745392,-0.4210664927959442,27,608,582
2026-04-02 12:56:59.131,203315471,左脚+右脚,0.47232082591569596,0.6388667250676348,0.4272595942020416,-0.3527795374393463,-0.4203073978424072,27,609,583
2026-04-02 12:56:59.161,203348805,左脚+右脚,0.49368333027875594,0.6389653347414911,0.42725008726119995,-0.3526886999607086,-0.42072826623916626,27,610,584
2026-04-02 12:56:59.191,203382139,左脚+右脚,0.5150454725435989,0.6390164130651494,0.42724284529685974,-0.35267987847328186,-0.4209921061992645,27,611,585
2026-04-02 12:56:59.221,203415473,左脚+右脚,0.5364070753864066,0.6389281943953491,0.4272320568561554,-0.35276922583580017,-0.42062491178512573,27,612,586
2026-04-02 12:56:59.251,203448807,左脚+右脚,0.5577693458012359,0.6389881838967464,0.4272454082965851,-0.3525597155094147,-0.42069706320762634,27,613,587
2026-04-02 12:56:59.281,203482141,左脚+右脚,0.5791336785367744,0.6389921577041504,0.42728665471076965,-0.352710485458374,-0.42089831829071045,27,614,588
